,Unnamed: 0.2,Unnamed: 0.1,Unnamed: 0,group,item,type,condition,sentence,question,answer,speed,file,duration
0,0,0,0,a1,1,target,plaus,The sister mailed the niece the letter.,Did the niece receive something/someone?,yes,1,1_target_plaus_1.gif,2265
1,1,1,1,a1,2,target,plaus,The mother gave the daughter the candle.,Did the daughter receive something/someone?,yes,2,2_target_plaus_4.gif,5570
2,2,2,2,a1,3,target,plaus,The uncle sold the father the truck.,Did the father receive something/someone?,yes,3,3_target_plaus_8.gif,9950
3,3,3,3,a1,4,target,plaus,The contractor lent the homeowner the saw.,Did the homeowner receive something/someone?,yes,1,4_target_plaus_1.gif,2280
4,4,4,4,a1,5,target,plaus,The sailing club leased the man the boat.,Did the man receive something/someone?,yes,2,5_target_plaus_4.gif,6170
5,5,5,5,a1,6,target,plaus,The girl tossed the boy the apple.,Did the apple receive something/someone?,no,3,6_target_plaus_8.gif,9940
6,6,6,6,a1,7,target,plaus,The daughter passed the mother the bowl.,Did the bowl receive something/someone?,no,1,7_target_plaus_1.gif,2270
7,7,7,7,a1,8,target,plaus,The scuba instructor rented the tourist the equipment.,Did the equipment receive something/someone?,no,2,8_target_plaus_4.gif,6235
8,8,8,8,a1,9,target,plaus,The boy handed the girl the pencil.,Did the pencil receive something/someone?,no,3,9_target_plaus_8.gif,9945
9,9,9,9,a1,10,target,plaus,The nanny threw the child the toy.,Did the toy receive something/someone?,no,1,10_target_plaus_1.gif,2240
10,10,10,10,a1,11,target,plaus,The nephew mailed the aunt the postcard.,Did the postcard receive something/someone?,no,2,11_target_plaus_4.gif,5570
11,11,11,11,a1,12,target,plaus,The father gave the son the car.,Did the car receive something/someone?,no,3,12_target_plaus_8.gif,9930
12,12,12,12,a1,13,target,plaus,The shop sold the student the bike.,Did the bike receive something/someone?,no,1,13_target_plaus_1.gif,2245
13,13,13,13,a1,14,target,plaus,The janitor lent the teacher the mop.,Did the mop receive something/someone?,no,2,14_target_plaus_4.gif,5555
14,14,14,14,a1,15,target,plaus,The car dealer leased the plumber the SUV.,Did the SUV receive something/someone?,no,3,15_target_plaus_8.gif,11175
15,15,15,15,a1,16,target,plaus,The host tossed the contestant the microphone.,Did the contestant receive something/someone?,yes,1,16_target_plaus_1.gif,2300
16,16,16,16,a1,17,target,plaus,The quarterback passed the receiver the ball.,Did the receiver receive something/someone?,yes,2,17_target_plaus_4.gif,5595
17,17,17,17,a1,18,target,plaus,The videostore rented the customer the DVD.,Did the customer receive something/someone?,yes,3,18_target_plaus_8.gif,9985
18,18,18,18,a1,19,target,plaus,The bartender handed the lady the drink.,Did the lady receive something/someone?,yes,1,19_target_plaus_1.gif,2270
19,19,19,19,a1,20,target,plaus,The magician threw the assistant the hat.,Did the assistant receive something/someone?,yes,2,20_target_plaus_4.gif,5575
20,20,20,20,a1,21,target,plaus,The animal lover gave the cat the snack.,Did the cat receive something/someone?,yes,3,21_target_plaus_8.gif,11165
21,21,21,21,a1,22,target,plaus,The restaurant owner gave the mobster the brandy.,Did the brandy receive something/someone?,no,1,22_target_plaus_1.gif,2460
22,22,22,22,a1,23,target,plaus,The overseer gave the serf the seeds.,Did the serf receive something/someone?,yes,2,23_target_plaus_4.gif,5555
23,23,23,23,a1,24,target,plaus,The painter gave the saint the clothes.,Did the clothes receive something/someone?,no,3,24_target_plaus_8.gif,9965
24,24,24,24,a1,25,target,plaus,The undercover cop gave the felon the berries.,Did the felon receive something/someone?,yes,1,25_target_plaus_1.gif,2445
25,25,25,25,a1,26,target,plaus,The queen handed the nun the cloak.,Did the cloak receive something/someone?,no,2,26_target_plaus_4.gif,5545
26,26,26,26,a1,27,target,plaus,The father handed the son the bill.,Did the son receive something/someone?,yes,3,27_target_plaus_8.gif,9945
27,27,27,27,a1,28,target,plaus,The mother handed the kid the rag.,Did the rag receive something/someone?,no,1,28_target_plaus_1.gif,2240
28,28,28,28,a1,29,target,plaus,The zookeeper handed the ape the stone.,Did the ape receive something/someone?,yes,2,29_target_plaus_4.gif,5565
29,29,29,29,a1,30,target,plaus,The traitor handed the thug the knife.,Did the knife receive something/someone?,no,3,30_target_plaus_8.gif,9960
30,30,30,30,a1,31,target,implaus,The cleaner lent the broom the cop.,Did the cop receive something/someone?,no,1,31_target_implaus_1.gif,2245
31,31,31,31,a1,32,target,implaus,The delivery driver lent the perfume the sailor.,Did the perfume receive something/someone?,yes,2,32_target_implaus_4.gif,6205
32,32,32,32,a1,33,target,implaus,The humorous king lent the throne the clown.,Did the clown receive something/someone?,no,3,33_target_implaus_8.gif,11185
33,33,33,33,a1,34,target,implaus,The emperor of Austria lent the watch the tsar.,Did the watch receive something/someone?,yes,1,34_target_implaus_1.gif,2595
34,34,34,34,a1,35,target,implaus,The knight offered the helmet the farmer.,Did the farmer receive something/someone?,no,2,35_target_implaus_4.gif,5575
35,35,35,35,a1,36,target,implaus,The duchess offered the robe the girl.,Did the robe receive something/someone?,yes,3,36_target_implaus_8.gif,9960
36,36,36,36,a1,37,target,implaus,The monastery offered the shelf the monk.,Did the monk receive something/someone?,no,1,37_target_implaus_1.gif,2275
37,37,37,37,a1,38,target,implaus,The winemaker offered the ale the Jew.,Did the ale receive something/someone?,yes,2,38_target_implaus_4.gif,5560
38,38,38,38,a1,39,target,implaus,The conference organizer offered the jackets the speakers.,Did the speakers receive something/someone?,no,3,39_target_implaus_8.gif,11255
39,39,39,39,a1,40,target,implaus,The doctor passed the mask the nurse.,Did the mask receive something/someone?,yes,1,40_target_implaus_1.gif,2255
40,40,40,40,a1,41,target,implaus,The husband passed the plate the wife.,Did the wife receive something/someone?,no,2,41_target_implaus_4.gif,5560
41,41,41,41,a1,42,target,implaus,The guest passed the soup the host.,Did the soup receive something/someone?,yes,3,42_target_implaus_8.gif,9945
42,42,42,42,a1,43,target,implaus,The secretary passed the jam the boss.,Did the boss receive something/someone?,no,1,43_target_implaus_1.gif,2260
43,43,43,43,a1,44,target,implaus,The caregiver passed the onion the leper.,Did the onion receive something/someone?,yes,2,44_target_implaus_4.gif,5575
44,44,44,44,a1,45,target,implaus,The merchant sold the wine the lord.,Did the lord receive something/someone?,no,3,45_target_implaus_8.gif,9950
45,45,45,45,a1,46,target,implaus,The uncle sold the calves the niece.,Did the calves receive something/someone?,yes,1,46_target_implaus_1.gif,2250
46,46,46,46,a1,47,target,implaus,The food truck sold the pastry the rider.,Did the rider receive something/someone?,no,2,47_target_implaus_4.gif,6170
47,47,47,47,a1,48,target,implaus,The witch sold the serpent the wizard.,Did the serpent receive something/someone?,yes,3,48_target_implaus_8.gif,9960
48,48,48,48,a1,49,target,implaus,The butcher sold the pork the thief.,Did the thief receive something/someone?,no,1,49_target_implaus_1.gif,2250
49,49,49,49,a1,50,target,implaus,The foreigner leased the horse the king.,Did the horse receive something/someone?,yes,2,50_target_implaus_4.gif,5570
50,50,50,50,a1,51,target,implaus,The farmer leased the cottage the actor.,Did the actor receive something/someone?,no,3,51_target_implaus_8.gif,9970
51,51,51,51,a1,52,target,implaus,The groomsman leased the house the groom.,Did the house receive something/someone?,yes,1,52_target_implaus_1.gif,2275
52,52,52,52,a1,53,target,implaus,The manager leased the shirt the guy.,Did the guy receive something/someone?,no,2,53_target_implaus_4.gif,5555
53,53,53,53,a1,54,target,implaus,The boy threw the flute the knight.,Did the flute receive something/someone?,yes,3,54_target_implaus_8.gif,9945
54,54,54,54,a1,55,target,implaus,The girl threw the pen the boy.,Did the boy receive something/someone?,no,1,55_target_implaus_1.gif,2225
55,55,55,55,a1,56,target,implaus,The butler threw the bag the cook.,Did the bag receive something/someone?,yes,2,56_target_implaus_4.gif,5540
56,56,56,56,a1,57,target,implaus,The bartender tossed the apron the baker.,Did the baker receive something/someone?,no,3,57_target_implaus_8.gif,9975
57,57,57,57,a1,58,target,implaus,The miser tossed the peach the heir.,Did the peach receive something/someone?,yes,1,58_target_implaus_1.gif,2250
58,58,58,58,a1,59,target,implaus,The politician tossed the key the guard.,Did the guard receive something/someone?,no,2,59_target_implaus_4.gif,5570
59,59,59,59,a1,60,target,implaus,The mistress tossed the blouse the guest.,Did the blouse receive something/someone?,yes,3,60_target_implaus_8.gif,9975
60,60,60,60,a1,101,filler,filler,She pricked her finger on a thorn.,Did a thorn prick her finger?,yes,1,101_filler_filler_1.gif,2240
61,61,61,61,a1,102,filler,filler,The cat chased a small gray mouse.,Was the cat playing with a toy?,no,2,102_filler_filler_4.gif,5540
62,62,62,62,a1,103,filler,filler,He skipped a smooth stone across the lake.,Did the stone bounce across the water?,yes,3,103_filler_filler_8.gif,11175
63,63,63,63,a1,104,filler,filler,She turned the key in the old lock.,Did she try to open something with the key?,yes,1,104_filler_filler_1.gif,2390
64,64,64,64,a1,105,filler,filler,The magician pulled a rabbit out of his hat.,Did the magician produce a dove from the hat?,no,2,105_filler_filler_4.gif,6780
65,65,65,65,a1,106,filler,filler,He tied the package with some rope.,Was he wrapping the package with tape?,no,3,106_filler_filler_8.gif,9945
66,66,66,66,a1,107,filler,filler,The trainer clapped to cue the trained seal into the ring.,Was the seal given a signal to perform?,yes,1,107_filler_filler_1.gif,2940
67,67,67,67,a1,108,filler,filler,She left a handwritten note on his desk.,Did she send him an email instead?,no,2,108_filler_filler_4.gif,6165
68,68,68,68,a1,109,filler,filler,The brave soldier became a noble knight in the story.,Was the character portrayed as cowardly?,no,3,109_filler_filler_8.gif,13620
69,69,69,69,a1,110,filler,filler,He dipped a chip into the salsa.,Did he eat the chip with salsa?,yes,1,110_filler_filler_1.gif,2230
70,70,70,70,a1,111,filler,filler,He wore a black tie with a gray business suit.,Was he dressed formally?,yes,2,111_filler_filler_4.gif,7385
71,71,71,71,a1,112,filler,filler,She caught the fish in her fishing net.,Did she catch the fish?,yes,3,112_filler_filler_8.gif,11160
72,72,72,72,a1,113,filler,filler,He was in the prison.,Was he in the hospital?,no,1,113_filler_filler_1.gif,1885
73,73,73,73,a1,114,filler,filler,"To find the treasure, they followed the old map through the jungle.",Did they rely on a modern GPS system?,no,2,114_filler_filler_4.gif,8680
74,74,74,74,a1,115,filler,filler,She picked up a white spiral shell from the sand.,Did she find the shell in the snow?,no,3,115_filler_filler_8.gif,13600
75,75,75,75,a1,116,filler,filler,The night sky was lit by the bright full moon.,Was the full moon visible in the sky?,yes,1,116_filler_filler_1.gif,2735
76,76,76,76,a1,117,filler,filler,"For his birthday, they surprised him with a strawberry cake.",Was he expecting a birthday surprise?,no,2,117_filler_filler_4.gif,7455
77,77,77,77,a1,118,filler,filler,He grilled a fresh ear of corn for lunch.,Did he prepare corn using a grill?,yes,3,118_filler_filler_8.gif,12365
78,78,78,78,a1,119,filler,filler,He pulled tight to secure the knot in the rope.,Was he trying to untie the rope?,no,1,119_filler_filler_1.gif,2740
79,79,79,79,a1,120,filler,filler,She pulled some coins from her purse.,Did she have coins?,yes,2,120_filler_filler_4.gif,5555
80,80,80,80,a1,121,filler,filler,The hotel boasts an infinity pool.,Does the hotel have a pool?,yes,3,121_filler_filler_8.gif,8745
81,81,81,81,a1,122,filler,filler,The children built a castle.,Did the children build the castle?,yes,1,122_filler_filler_1.gif,1920
82,82,82,82,a1,123,filler,filler,The old stone mill by the river still grinds wheat into flour.,Was the mill by the river?,yes,2,123_filler_filler_4.gif,8655
83,83,83,83,a1,124,filler,filler,He had to tweak the settings on his camera to get the perfect shot.,Was he using a computer?,no,3,124_filler_filler_8.gif,18470
84,84,84,84,a1,125,filler,filler,The cave was dark and echoed when the explorer spoke. ,Was the cave quiet and bright?,no,1,125_filler_filler_1.gif,2770
85,85,85,85,a1,126,filler,filler,The girl performed a graceful dance on stage.,Did the girl dance?,yes,2,126_filler_filler_4.gif,6190
86,86,86,86,a1,127,filler,filler,A deep fear settled in his heart.,Was he calm and fearless?,no,3,127_filler_filler_8.gif,9935
87,87,87,87,a1,128,filler,filler,He had a deep frown on his face.,Was he smiling?,no,1,128_filler_filler_1.gif,2375
88,88,88,88,a1,129,filler,filler,The cat made a quick jump onto the windowsill.,Did the cat jump?,yes,2,129_filler_filler_4.gif,6790
89,89,89,89,a1,130,filler,filler,They built a ramp to connect the sidewalk to the entrance.,Did they build a bridge?,no,3,130_filler_filler_8.gif,14840
90,90,90,90,a1,131,filler,filler,The old bridge swayed slightly in the wind.,Did the bridge move in the wind?,yes,1,131_filler_filler_1.gif,2430
91,91,91,91,a1,132,filler,filler,She placed the fresh tulips in a crystal vase on the dining table.,Did she place tulips on the dining hall table?,yes,2,132_filler_filler_4.gif,9270
92,92,92,92,a1,133,filler,filler,"The bright sun warmed the beach, casting long shadows across the sand.",Was the beach covered in snow?,no,3,133_filler_filler_8.gif,16095
93,93,93,93,a1,134,filler,filler,He scribbled the notes quickly on a sheet.,Did he take notes?,yes,1,134_filler_filler_1.gif,2425
94,94,94,94,a1,135,filler,filler,The boat began to drift with the current.,Was the boat anchored in place?,no,2,135_filler_filler_4.gif,6170
95,95,95,95,a1,136,filler,filler,The balloon continued to float in the air.,Did the balloon stay on the ground?,no,3,136_filler_filler_8.gif,11175
96,96,96,96,a1,137,filler,filler,The ice began to melt under the sun.,Did the ice remain frozen the whole time?,no,1,137_filler_filler_1.gif,2395
97,97,97,97,a1,138,filler,filler,The cat stretched its neck to look out the window.,Was there a cat?,yes,2,138_filler_filler_4.gif,7405
98,98,98,98,a1,139,filler,filler,"After hours of playing, the guitarist's fingertips developed a callus.",Did the musician play the guitar? ,yes,3,139_filler_filler_8.gif,13705
99,99,99,99,a1,140,filler,filler,The blanket was incredibly soft.,Was the blanket rough?,no,1,140_filler_filler_1.gif,1940
100,100,100,100,a1,141,filler,filler,The storm raged outside all night.,Was the weather calm during the night?,no,2,141_filler_filler_4.gif,4945
101,101,101,101,a1,142,filler,filler,She decided to throw away her old clothes.,Did she keep all her old clothes?,no,3,142_filler_filler_8.gif,11175
102,102,102,102,a1,143,filler,filler,The room fell quiet after the announcement.,Did the room get louder after the announcement?,no,1,143_filler_filler_1.gif,2285
103,103,103,103,a1,144,filler,filler,She found a shiny coin under the couch.,Did she find a bottle under the couch?,no,2,144_filler_filler_4.gif,6160
104,104,104,104,a1,145,filler,filler,The children played inside the tent for hours.,Were the children inside the tent?,yes,3,145_filler_filler_8.gif,11195
105,105,105,105,a1,146,filler,filler,The movie tells the story of a young hero.,Was the movie about a hero?,yes,1,146_filler_filler_1.gif,2570
106,106,106,106,a1,147,filler,filler,A distant drum beat echoed through the valley.,Was the source of the drum beat close?,no,2,147_filler_filler_4.gif,6195
107,107,107,107,a1,148,filler,filler,The train sped past the station without stopping.,Did the train stop at the station?,no,3,148_filler_filler_8.gif,11210
108,108,108,108,a1,149,filler,filler,Someone who has fought in a war is a veteran.,Does the sentence mention a war? ,yes,1,149_filler_filler_1.gif,2730
109,109,109,109,a1,150,filler,filler,The woman brought her sick pet dog to a veterinarian.,Was the animal a canine? ,yes,2,150_filler_filler_4.gif,7420
110,110,110,110,a1,151,filler,filler,The vintage wedding dress was big and required an alteration.,Was the gown too small? ,no,3,151_filler_filler_8.gif,13660
111,111,111,111,a1,152,filler,filler,She saved him from the poison by administering an antidote.,Did she save him by amputating? ,no,1,152_filler_filler_1.gif,2800
112,112,112,112,a1,153,filler,filler,There is a beanbag toss game booth at this carnival.,Were the beanbags for a game? ,yes,2,153_filler_filler_4.gif,7415
113,113,113,113,a1,154,filler,filler,"For lunch, she had brought tomato soup in a thermos.",Did she bring her own lunch? ,yes,3,154_filler_filler_8.gif,13615
114,114,114,114,a1,155,filler,filler,"The circus featured an acrobat, a clown, and a juggler.",Was there a clown at the performance? ,yes,1,155_filler_filler_1.gif,2780
115,115,115,115,a1,156,filler,filler,"In the nineties, the Rugrats was a very popular cartoon.",Was the Rugrats obscure during the nineties? ,no,2,156_filler_filler_4.gif,7435
116,116,116,116,a1,157,filler,filler,The goddess refused to be bested by a mere mortal.,Was the deity okay with losing? ,no,3,157_filler_filler_8.gif,13605
117,117,117,117,a1,158,filler,filler,The sailors feared the harsh discipline of this ship captain.,Does the sentence mention sailors?,yes,1,158_filler_filler_1.gif,2810
118,118,118,118,a1,159,filler,filler,The flute player nervously prepared an excerpt for an audition.,Did the musician feel anxious? ,yes,2,159_filler_filler_4.gif,7470
119,119,119,119,a1,160,filler,filler,The college sent out a newsletter to all its alumni.,Does the sentence mention a college? ,yes,3,160_filler_filler_8.gif,13615
120,120,120,120,a2,1,target,plaus,The sister mailed the niece the letter.,Did the niece receive something/someone?,yes,2,1_target_plaus_4.gif,5565
121,121,121,121,a2,2,target,plaus,The mother gave the daughter the candle.,Did the daughter receive something/someone?,yes,3,2_target_plaus_8.gif,9970
122,122,122,122,a2,3,target,plaus,The uncle sold the father the truck.,Did the father receive something/someone?,yes,1,3_target_plaus_1.gif,2250
123,123,123,123,a2,4,target,plaus,The contractor lent the homeowner the saw.,Did the homeowner receive something/someone?,yes,2,4_target_plaus_4.gif,5580
124,124,124,124,a2,5,target,plaus,The sailing club leased the man the boat.,Did the man receive something/someone?,yes,3,5_target_plaus_8.gif,11170
125,125,125,125,a2,6,target,plaus,The girl tossed the boy the apple.,Did the apple receive something/someone?,no,1,6_target_plaus_1.gif,2240
126,126,126,126,a2,7,target,plaus,The daughter passed the mother the bowl.,Did the bowl receive something/someone?,no,2,7_target_plaus_4.gif,5570
127,127,127,127,a2,8,target,plaus,The scuba instructor rented the tourist the equipment.,Did the equipment receive something/someone?,no,3,8_target_plaus_8.gif,11235
128,128,128,128,a2,9,target,plaus,The boy handed the girl the pencil.,Did the pencil receive something/someone?,no,1,9_target_plaus_1.gif,2245
129,129,129,129,a2,10,target,plaus,The nanny threw the child the toy.,Did the toy receive something/someone?,no,2,10_target_plaus_4.gif,5540
130,130,130,130,a2,11,target,plaus,The nephew mailed the aunt the postcard.,Did the postcard receive something/someone?,no,3,11_target_plaus_8.gif,9970
131,131,131,131,a2,12,target,plaus,The father gave the son the car.,Did the car receive something/someone?,no,1,12_target_plaus_1.gif,2230
132,132,132,132,a2,13,target,plaus,The shop sold the student the bike.,Did the bike receive something/someone?,no,2,13_target_plaus_4.gif,5545
133,133,133,133,a2,14,target,plaus,The janitor lent the teacher the mop.,Did the mop receive something/someone?,no,3,14_target_plaus_8.gif,9955
134,134,134,134,a2,15,target,plaus,The car dealer leased the plumber the SUV.,Did the SUV receive something/someone?,no,1,15_target_plaus_1.gif,2425
135,135,135,135,a2,16,target,plaus,The host tossed the contestant the microphone.,Did the contestant receive something/someone?,yes,2,16_target_plaus_4.gif,5600
136,136,136,136,a2,17,target,plaus,The quarterback passed the receiver the ball.,Did the receiver receive something/someone?,yes,3,17_target_plaus_8.gif,9995
137,137,137,137,a2,18,target,plaus,The videostore rented the customer the DVD.,Did the customer receive something/someone?,yes,1,18_target_plaus_1.gif,2285
138,138,138,138,a2,19,target,plaus,The bartender handed the lady the drink.,Did the lady receive something/someone?,yes,2,19_target_plaus_4.gif,5570
139,139,139,139,a2,20,target,plaus,The magician threw the assistant the hat.,Did the assistant receive something/someone?,yes,3,20_target_plaus_8.gif,9975
140,140,140,140,a2,21,target,plaus,The animal lover gave the cat the snack.,Did the cat receive something/someone?,yes,1,21_target_plaus_1.gif,2415
141,141,141,141,a2,22,target,plaus,The restaurant owner gave the mobster the brandy.,Did the brandy receive something/someone?,no,2,22_target_plaus_4.gif,6210
142,142,142,142,a2,23,target,plaus,The overseer gave the serf the seeds.,Did the serf receive something/someone?,yes,3,23_target_plaus_8.gif,9955
143,143,143,143,a2,24,target,plaus,The painter gave the saint the clothes.,Did the clothes receive something/someone?,no,1,24_target_plaus_1.gif,2265
144,144,144,144,a2,25,target,plaus,The undercover cop gave the felon the berries.,Did the felon receive something/someone?,yes,2,25_target_plaus_4.gif,6195
145,145,145,145,a2,26,target,plaus,The queen handed the nun the cloak.,Did the cloak receive something/someone?,no,3,26_target_plaus_8.gif,9945
146,146,146,146,a2,27,target,plaus,The father handed the son the bill.,Did the son receive something/someone?,yes,1,27_target_plaus_1.gif,2245
147,147,147,147,a2,28,target,plaus,The mother handed the kid the rag.,Did the rag receive something/someone?,no,2,28_target_plaus_4.gif,5540
148,148,148,148,a2,29,target,plaus,The zookeeper handed the ape the stone.,Did the ape receive something/someone?,yes,3,29_target_plaus_8.gif,9965
149,149,149,149,a2,30,target,plaus,The traitor handed the thug the knife.,Did the knife receive something/someone?,no,1,30_target_plaus_1.gif,2260
150,150,150,150,a2,31,target,implaus,The cleaner lent the broom the cop.,Did the cop receive something/someone?,no,2,31_target_implaus_4.gif,5545
151,151,151,151,a2,32,target,implaus,The delivery driver lent the perfume the sailor.,Did the perfume receive something/someone?,yes,3,32_target_implaus_8.gif,11205
152,152,152,152,a2,33,target,implaus,The humorous king lent the throne the clown.,Did the clown receive something/someone?,no,1,33_target_implaus_1.gif,2435
153,153,153,153,a2,34,target,implaus,The emperor of Austria lent the watch the tsar.,Did the watch receive something/someone?,yes,2,34_target_implaus_4.gif,6795
154,154,154,154,a2,35,target,implaus,The knight offered the helmet the farmer.,Did the farmer receive something/someone?,no,3,35_target_implaus_8.gif,9975
155,155,155,155,a2,36,target,implaus,The duchess offered the robe the girl.,Did the robe receive something/someone?,yes,1,36_target_implaus_1.gif,2260
156,156,156,156,a2,37,target,implaus,The monastery offered the shelf the monk.,Did the monk receive something/someone?,no,2,37_target_implaus_4.gif,5575
157,157,157,157,a2,38,target,implaus,The winemaker offered the ale the Jew.,Did the ale receive something/someone?,yes,3,38_target_implaus_8.gif,9960
158,158,158,158,a2,39,target,implaus,The conference organizer offered the jackets the speakers.,Did the speakers receive something/someone?,no,1,39_target_implaus_1.gif,2505
159,159,159,159,a2,40,target,implaus,The doctor passed the mask the nurse.,Did the mask receive something/someone?,yes,2,40_target_implaus_4.gif,5555
160,160,160,160,a2,41,target,implaus,The husband passed the plate the wife.,Did the wife receive something/someone?,no,3,41_target_implaus_8.gif,9960
161,161,161,161,a2,42,target,implaus,The guest passed the soup the host.,Did the soup receive something/someone?,yes,1,42_target_implaus_1.gif,2245
162,162,162,162,a2,43,target,implaus,The secretary passed the jam the boss.,Did the boss receive something/someone?,no,2,43_target_implaus_4.gif,5560
163,163,163,163,a2,44,target,implaus,The caregiver passed the onion the leper.,Did the onion receive something/someone?,yes,3,44_target_implaus_8.gif,9975
164,164,164,164,a2,45,target,implaus,The merchant sold the wine the lord.,Did the lord receive something/someone?,no,1,45_target_implaus_1.gif,2250
165,165,165,165,a2,46,target,implaus,The uncle sold the calves the niece.,Did the calves receive something/someone?,yes,2,46_target_implaus_4.gif,5550
166,166,166,166,a2,47,target,implaus,The food truck sold the pastry the rider.,Did the rider receive something/someone?,no,3,47_target_implaus_8.gif,11170
167,167,167,167,a2,48,target,implaus,The witch sold the serpent the wizard.,Did the serpent receive something/someone?,yes,1,48_target_implaus_1.gif,2260
168,168,168,168,a2,49,target,implaus,The butcher sold the pork the thief.,Did the thief receive something/someone?,no,2,49_target_implaus_4.gif,5550
169,169,169,169,a2,50,target,implaus,The foreigner leased the horse the king.,Did the horse receive something/someone?,yes,3,50_target_implaus_8.gif,9970
170,170,170,170,a2,51,target,implaus,The farmer leased the cottage the actor.,Did the actor receive something/someone?,no,1,51_target_implaus_1.gif,2270
171,171,171,171,a2,52,target,implaus,The groomsman leased the house the groom.,Did the house receive something/someone?,yes,2,52_target_implaus_4.gif,5575
172,172,172,172,a2,53,target,implaus,The manager leased the shirt the guy.,Did the guy receive something/someone?,no,3,53_target_implaus_8.gif,9955
173,173,173,173,a2,54,target,implaus,The boy threw the flute the knight.,Did the flute receive something/someone?,yes,1,54_target_implaus_1.gif,2245
174,174,174,174,a2,55,target,implaus,The girl threw the pen the boy.,Did the boy receive something/someone?,no,2,55_target_implaus_4.gif,5525
175,175,175,175,a2,56,target,implaus,The butler threw the bag the cook.,Did the bag receive something/someone?,yes,3,56_target_implaus_8.gif,9940
176,176,176,176,a2,57,target,implaus,The bartender tossed the apron the baker.,Did the baker receive something/someone?,no,1,57_target_implaus_1.gif,2275
177,177,177,177,a2,58,target,implaus,The miser tossed the peach the heir.,Did the peach receive something/someone?,yes,2,58_target_implaus_4.gif,5550
178,178,178,178,a2,59,target,implaus,The politician tossed the key the guard.,Did the guard receive something/someone?,no,3,59_target_implaus_8.gif,9970
179,179,179,179,a2,60,target,implaus,The mistress tossed the blouse the guest.,Did the blouse receive something/someone?,yes,1,60_target_implaus_1.gif,2275
180,180,180,180,a2,101,filler,filler,She pricked her finger on a thorn.,Did a thorn prick her finger?,yes,2,101_filler_filler_4.gif,5540
181,181,181,181,a2,102,filler,filler,The cat chased a small gray mouse.,Was the cat playing with a toy?,no,3,102_filler_filler_8.gif,9940
182,182,182,182,a2,103,filler,filler,He skipped a smooth stone across the lake.,Did the stone bounce across the water?,yes,1,103_filler_filler_1.gif,2425
183,183,183,183,a2,104,filler,filler,She turned the key in the old lock.,Did she try to open something with the key?,yes,2,104_filler_filler_4.gif,6140
184,184,184,184,a2,105,filler,filler,The magician pulled a rabbit out of his hat.,Did the magician produce a dove from the hat?,no,3,105_filler_filler_8.gif,12380
185,185,185,185,a2,106,filler,filler,He tied the package with some rope.,Was he wrapping the package with tape?,no,1,106_filler_filler_1.gif,2245
186,186,186,186,a2,107,filler,filler,The trainer clapped to cue the trained seal into the ring.,Was the seal given a signal to perform?,yes,2,107_filler_filler_4.gif,8040
187,187,187,187,a2,108,filler,filler,She left a handwritten note on his desk.,Did she send him an email instead?,no,3,108_filler_filler_8.gif,11165
188,188,188,188,a2,109,filler,filler,The brave soldier became a noble knight in the story.,Was the character portrayed as cowardly?,no,1,109_filler_filler_1.gif,2770
189,189,189,189,a2,110,filler,filler,He dipped a chip into the salsa.,Did he eat the chip with salsa?,yes,2,110_filler_filler_4.gif,5530
190,190,190,190,a2,111,filler,filler,He wore a black tie with a gray business suit.,Was he dressed formally?,yes,3,111_filler_filler_8.gif,13585
191,191,191,191,a2,112,filler,filler,She caught the fish in her fishing net.,Did she catch the fish?,yes,1,112_filler_filler_1.gif,2410
192,192,192,192,a2,113,filler,filler,He was in the prison.,Was he in the hospital?,no,2,113_filler_filler_4.gif,4285
193,193,193,193,a2,114,filler,filler,"To find the treasure, they followed the old map through the jungle.",Did they rely on a modern GPS system?,no,3,114_filler_filler_8.gif,16080
194,194,194,194,a2,115,filler,filler,She picked up a white spiral shell from the sand.,Did she find the shell in the snow?,no,1,115_filler_filler_1.gif,2750
195,195,195,195,a2,116,filler,filler,The night sky was lit by the bright full moon.,Was the full moon visible in the sky?,yes,2,116_filler_filler_4.gif,7385
196,196,196,196,a2,117,filler,filler,"For his birthday, they surprised him with a strawberry cake.",Was he expecting a birthday surprise?,no,3,117_filler_filler_8.gif,13655
197,197,197,197,a2,118,filler,filler,He grilled a fresh ear of corn for lunch.,Did he prepare corn using a grill?,yes,1,118_filler_filler_1.gif,2565
198,198,198,198,a2,119,filler,filler,He pulled tight to secure the knot in the rope.,Was he trying to untie the rope?,no,2,119_filler_filler_4.gif,7390
199,199,199,199,a2,120,filler,filler,She pulled some coins from her purse.,Did she have coins?,yes,3,120_filler_filler_8.gif,9955
200,200,200,200,a2,121,filler,filler,The hotel boasts an infinity pool.,Does the hotel have a pool?,yes,1,121_filler_filler_1.gif,2095
201,201,201,201,a2,122,filler,filler,The children built a castle.,Did the children build the castle?,yes,2,122_filler_filler_4.gif,4320
202,202,202,202,a2,123,filler,filler,The old stone mill by the river still grinds wheat into flour.,Was the mill by the river?,yes,3,123_filler_filler_8.gif,16055
203,203,203,203,a2,124,filler,filler,He had to tweak the settings on his camera to get the perfect shot.,Was he using a computer?,no,1,124_filler_filler_1.gif,3420
204,204,204,204,a2,125,filler,filler,The cave was dark and echoed when the explorer spoke. ,Was the cave quiet and bright?,no,2,125_filler_filler_4.gif,7420
205,205,205,205,a2,126,filler,filler,The girl performed a graceful dance on stage.,Did the girl dance?,yes,3,126_filler_filler_8.gif,11190
206,206,206,206,a2,127,filler,filler,A deep fear settled in his heart.,Was he calm and fearless?,no,1,127_filler_filler_1.gif,2235
207,207,207,207,a2,128,filler,filler,He had a deep frown on his face.,Was he smiling?,no,2,128_filler_filler_4.gif,6125
208,208,208,208,a2,129,filler,filler,The cat made a quick jump onto the windowsill.,Did the cat jump?,yes,3,129_filler_filler_8.gif,12390
209,209,209,209,a2,130,filler,filler,They built a ramp to connect the sidewalk to the entrance.,Did they build a bridge?,no,1,130_filler_filler_1.gif,2940
210,210,210,210,a2,131,filler,filler,The old bridge swayed slightly in the wind.,Did the bridge move in the wind?,yes,2,131_filler_filler_4.gif,6180
211,211,211,211,a2,132,filler,filler,She placed the fresh tulips in a crystal vase on the dining table.,Did she place tulips on the dining hall table?,yes,3,132_filler_filler_8.gif,17270
212,212,212,212,a2,133,filler,filler,"The bright sun warmed the beach, casting long shadows across the sand.",Was the beach covered in snow?,no,1,133_filler_filler_1.gif,3145
213,213,213,213,a2,134,filler,filler,He scribbled the notes quickly on a sheet.,Did he take notes?,yes,2,134_filler_filler_4.gif,6175
214,214,214,214,a2,135,filler,filler,The boat began to drift with the current.,Was the boat anchored in place?,no,3,135_filler_filler_8.gif,11170
215,215,215,215,a2,136,filler,filler,The balloon continued to float in the air.,Did the balloon stay on the ground?,no,1,136_filler_filler_1.gif,2425
216,216,216,216,a2,137,filler,filler,The ice began to melt under the sun.,Did the ice remain frozen the whole time?,no,2,137_filler_filler_4.gif,6145
217,217,217,217,a2,138,filler,filler,The cat stretched its neck to look out the window.,Was there a cat?,yes,3,138_filler_filler_8.gif,13605
218,218,218,218,a2,139,filler,filler,"After hours of playing, the guitarist's fingertips developed a callus.",Did the musician play the guitar? ,yes,1,139_filler_filler_1.gif,2855
219,219,219,219,a2,140,filler,filler,The blanket was incredibly soft.,Was the blanket rough?,no,2,140_filler_filler_4.gif,4340
220,220,220,220,a2,141,filler,filler,The storm raged outside all night.,Was the weather calm during the night?,no,3,141_filler_filler_8.gif,8745
221,221,221,221,a2,142,filler,filler,She decided to throw away her old clothes.,Did she keep all her old clothes?,no,1,142_filler_filler_1.gif,2425
222,222,222,222,a2,143,filler,filler,The room fell quiet after the announcement.,Did the room get louder after the announcement?,no,2,143_filler_filler_4.gif,5585
223,223,223,223,a2,144,filler,filler,She found a shiny coin under the couch.,Did she find a bottle under the couch?,no,3,144_filler_filler_8.gif,11160
224,224,224,224,a2,145,filler,filler,The children played inside the tent for hours.,Were the children inside the tent?,yes,1,145_filler_filler_1.gif,2445
225,225,225,225,a2,146,filler,filler,The movie tells the story of a young hero.,Was the movie about a hero?,yes,2,146_filler_filler_4.gif,6770
226,226,226,226,a2,147,filler,filler,A distant drum beat echoed through the valley.,Was the source of the drum beat close?,no,3,147_filler_filler_8.gif,11195
227,227,227,227,a2,148,filler,filler,The train sped past the station without stopping.,Did the train stop at the station?,no,1,148_filler_filler_1.gif,2460
228,228,228,228,a2,149,filler,filler,Someone who has fought in a war is a veteran.,Does the sentence mention a war? ,yes,2,149_filler_filler_4.gif,7380
229,229,229,229,a2,150,filler,filler,The woman brought her sick pet dog to a veterinarian.,Was the animal a canine? ,yes,3,150_filler_filler_8.gif,13620
230,230,230,230,a2,151,filler,filler,The vintage wedding dress was big and required an alteration.,Was the gown too small? ,no,1,151_filler_filler_1.gif,2810
231,231,231,231,a2,152,filler,filler,She saved him from the poison by administering an antidote.,Did she save him by amputating? ,no,2,152_filler_filler_4.gif,7450
232,232,232,232,a2,153,filler,filler,There is a beanbag toss game booth at this carnival.,Were the beanbags for a game? ,yes,3,153_filler_filler_8.gif,13615
233,233,233,233,a2,154,filler,filler,"For lunch, she had brought tomato soup in a thermos.",Did she bring her own lunch? ,yes,1,154_filler_filler_1.gif,2765
234,234,234,234,a2,155,filler,filler,"The circus featured an acrobat, a clown, and a juggler.",Was there a clown at the performance? ,yes,2,155_filler_filler_4.gif,7430
235,235,235,235,a2,156,filler,filler,"In the nineties, the Rugrats was a very popular cartoon.",Was the Rugrats obscure during the nineties? ,no,3,156_filler_filler_8.gif,13635
236,236,236,236,a2,157,filler,filler,The goddess refused to be bested by a mere mortal.,Was the deity okay with losing? ,no,1,157_filler_filler_1.gif,2755
237,237,237,237,a2,158,filler,filler,The sailors feared the harsh discipline of this ship captain.,Does the sentence mention sailors?,yes,2,158_filler_filler_4.gif,7460
238,238,238,238,a2,159,filler,filler,The flute player nervously prepared an excerpt for an audition.,Did the musician feel anxious? ,yes,3,159_filler_filler_8.gif,13670
239,239,239,239,a2,160,filler,filler,The college sent out a newsletter to all its alumni.,Does the sentence mention a college? ,yes,1,160_filler_filler_1.gif,2765
240,240,240,240,a3,1,target,plaus,The sister mailed the niece the letter.,Did the niece receive something/someone?,yes,3,1_target_plaus_8.gif,9965
241,241,241,241,a3,2,target,plaus,The mother gave the daughter the candle.,Did the daughter receive something/someone?,yes,1,2_target_plaus_1.gif,2270
242,242,242,242,a3,3,target,plaus,The uncle sold the father the truck.,Did the father receive something/someone?,yes,2,3_target_plaus_4.gif,5550
243,243,243,243,a3,4,target,plaus,The contractor lent the homeowner the saw.,Did the homeowner receive something/someone?,yes,3,4_target_plaus_8.gif,9980
244,244,244,244,a3,5,target,plaus,The sailing club leased the man the boat.,Did the man receive something/someone?,yes,1,5_target_plaus_1.gif,2420
245,245,245,245,a3,6,target,plaus,The girl tossed the boy the apple.,Did the apple receive something/someone?,no,2,6_target_plaus_4.gif,5540
246,246,246,246,a3,7,target,plaus,The daughter passed the mother the bowl.,Did the bowl receive something/someone?,no,3,7_target_plaus_8.gif,9970
247,247,247,247,a3,8,target,plaus,The scuba instructor rented the tourist the equipment.,Did the equipment receive something/someone?,no,1,8_target_plaus_1.gif,2485
248,248,248,248,a3,9,target,plaus,The boy handed the girl the pencil.,Did the pencil receive something/someone?,no,2,9_target_plaus_4.gif,5545
249,249,249,249,a3,10,target,plaus,The nanny threw the child the toy.,Did the toy receive something/someone?,no,3,10_target_plaus_8.gif,9940
250,250,250,250,a3,11,target,plaus,The nephew mailed the aunt the postcard.,Did the postcard receive something/someone?,no,1,11_target_plaus_1.gif,2270
251,251,251,251,a3,12,target,plaus,The father gave the son the car.,Did the car receive something/someone?,no,2,12_target_plaus_4.gif,5530
252,252,252,252,a3,13,target,plaus,The shop sold the student the bike.,Did the bike receive something/someone?,no,3,13_target_plaus_8.gif,9945
253,253,253,253,a3,14,target,plaus,The janitor lent the teacher the mop.,Did the mop receive something/someone?,no,1,14_target_plaus_1.gif,2255
254,254,254,254,a3,15,target,plaus,The car dealer leased the plumber the SUV.,Did the SUV receive something/someone?,no,2,15_target_plaus_4.gif,6175
255,255,255,255,a3,16,target,plaus,The host tossed the contestant the microphone.,Did the contestant receive something/someone?,yes,3,16_target_plaus_8.gif,10000
256,256,256,256,a3,17,target,plaus,The quarterback passed the receiver the ball.,Did the receiver receive something/someone?,yes,1,17_target_plaus_1.gif,2295
257,257,257,257,a3,18,target,plaus,The videostore rented the customer the DVD.,Did the customer receive something/someone?,yes,2,18_target_plaus_4.gif,5585
258,258,258,258,a3,19,target,plaus,The bartender handed the lady the drink.,Did the lady receive something/someone?,yes,3,19_target_plaus_8.gif,9970
259,259,259,259,a3,20,target,plaus,The magician threw the assistant the hat.,Did the assistant receive something/someone?,yes,1,20_target_plaus_1.gif,2275
260,260,260,260,a3,21,target,plaus,The animal lover gave the cat the snack.,Did the cat receive something/someone?,yes,2,21_target_plaus_4.gif,6165
261,261,261,261,a3,22,target,plaus,The restaurant owner gave the mobster the brandy.,Did the brandy receive something/someone?,no,3,22_target_plaus_8.gif,11210
262,262,262,262,a3,23,target,plaus,The overseer gave the serf the seeds.,Did the serf receive something/someone?,yes,1,23_target_plaus_1.gif,2255
263,263,263,263,a3,24,target,plaus,The painter gave the saint the clothes.,Did the clothes receive something/someone?,no,2,24_target_plaus_4.gif,5565
264,264,264,264,a3,25,target,plaus,The undercover cop gave the felon the berries.,Did the felon receive something/someone?,yes,3,25_target_plaus_8.gif,11195
265,265,265,265,a3,26,target,plaus,The queen handed the nun the cloak.,Did the cloak receive something/someone?,no,1,26_target_plaus_1.gif,2245
266,266,266,266,a3,27,target,plaus,The father handed the son the bill.,Did the son receive something/someone?,yes,2,27_target_plaus_4.gif,5545
267,267,267,267,a3,28,target,plaus,The mother handed the kid the rag.,Did the rag receive something/someone?,no,3,28_target_plaus_8.gif,9940
268,268,268,268,a3,29,target,plaus,The zookeeper handed the ape the stone.,Did the ape receive something/someone?,yes,1,29_target_plaus_1.gif,2265
269,269,269,269,a3,30,target,plaus,The traitor handed the thug the knife.,Did the knife receive something/someone?,no,2,30_target_plaus_4.gif,5560
270,270,270,270,a3,31,target,implaus,The cleaner lent the broom the cop.,Did the cop receive something/someone?,no,3,31_target_implaus_8.gif,9945
271,271,271,271,a3,32,target,implaus,The delivery driver lent the perfume the sailor.,Did the perfume receive something/someone?,yes,1,32_target_implaus_1.gif,2455
272,272,272,272,a3,33,target,implaus,The humorous king lent the throne the clown.,Did the clown receive something/someone?,no,2,33_target_implaus_4.gif,6185
273,273,273,273,a3,34,target,implaus,The emperor of Austria lent the watch the tsar.,Did the watch receive something/someone?,yes,3,34_target_implaus_8.gif,12395
274,274,274,274,a3,35,target,implaus,The knight offered the helmet the farmer.,Did the farmer receive something/someone?,no,1,35_target_implaus_1.gif,2275
275,275,275,275,a3,36,target,implaus,The duchess offered the robe the girl.,Did the robe receive something/someone?,yes,2,36_target_implaus_4.gif,5560
276,276,276,276,a3,37,target,implaus,The monastery offered the shelf the monk.,Did the monk receive something/someone?,no,3,37_target_implaus_8.gif,9975
277,277,277,277,a3,38,target,implaus,The winemaker offered the ale the Jew.,Did the ale receive something/someone?,yes,1,38_target_implaus_1.gif,2260
278,278,278,278,a3,39,target,implaus,The conference organizer offered the jackets the speakers.,Did the speakers receive something/someone?,no,2,39_target_implaus_4.gif,6255
279,279,279,279,a3,40,target,implaus,The doctor passed the mask the nurse.,Did the mask receive something/someone?,yes,3,40_target_implaus_8.gif,9955
280,280,280,280,a3,41,target,implaus,The husband passed the plate the wife.,Did the wife receive something/someone?,no,1,41_target_implaus_1.gif,2260
281,281,281,281,a3,42,target,implaus,The guest passed the soup the host.,Did the soup receive something/someone?,yes,2,42_target_implaus_4.gif,5545
282,282,282,282,a3,43,target,implaus,The secretary passed the jam the boss.,Did the boss receive something/someone?,no,3,43_target_implaus_8.gif,9960
283,283,283,283,a3,44,target,implaus,The caregiver passed the onion the leper.,Did the onion receive something/someone?,yes,1,44_target_implaus_1.gif,2275
284,284,284,284,a3,45,target,implaus,The merchant sold the wine the lord.,Did the lord receive something/someone?,no,2,45_target_implaus_4.gif,5550
285,285,285,285,a3,46,target,implaus,The uncle sold the calves the niece.,Did the calves receive something/someone?,yes,3,46_target_implaus_8.gif,9950
286,286,286,286,a3,47,target,implaus,The food truck sold the pastry the rider.,Did the rider receive something/someone?,no,1,47_target_implaus_1.gif,2420
287,287,287,287,a3,48,target,implaus,The witch sold the serpent the wizard.,Did the serpent receive something/someone?,yes,2,48_target_implaus_4.gif,5560
288,288,288,288,a3,49,target,implaus,The butcher sold the pork the thief.,Did the thief receive something/someone?,no,3,49_target_implaus_8.gif,9950
289,289,289,289,a3,50,target,implaus,The foreigner leased the horse the king.,Did the horse receive something/someone?,yes,1,50_target_implaus_1.gif,2270
290,290,290,290,a3,51,target,implaus,The farmer leased the cottage the actor.,Did the actor receive something/someone?,no,2,51_target_implaus_4.gif,5570
291,291,291,291,a3,52,target,implaus,The groomsman leased the house the groom.,Did the house receive something/someone?,yes,3,52_target_implaus_8.gif,9975
292,292,292,292,a3,53,target,implaus,The manager leased the shirt the guy.,Did the guy receive something/someone?,no,1,53_target_implaus_1.gif,2255
293,293,293,293,a3,54,target,implaus,The boy threw the flute the knight.,Did the flute receive something/someone?,yes,2,54_target_implaus_4.gif,5545
294,294,294,294,a3,55,target,implaus,The girl threw the pen the boy.,Did the boy receive something/someone?,no,3,55_target_implaus_8.gif,9925
295,295,295,295,a3,56,target,implaus,The butler threw the bag the cook.,Did the bag receive something/someone?,yes,1,56_target_implaus_1.gif,2240
296,296,296,296,a3,57,target,implaus,The bartender tossed the apron the baker.,Did the baker receive something/someone?,no,2,57_target_implaus_4.gif,5575
297,297,297,297,a3,58,target,implaus,The miser tossed the peach the heir.,Did the peach receive something/someone?,yes,3,58_target_implaus_8.gif,9950
298,298,298,298,a3,59,target,implaus,The politician tossed the key the guard.,Did the guard receive something/someone?,no,1,59_target_implaus_1.gif,2270
299,299,299,299,a3,60,target,implaus,The mistress tossed the blouse the guest.,Did the blouse receive something/someone?,yes,2,60_target_implaus_4.gif,5575
300,300,300,300,a3,101,filler,filler,She pricked her finger on a thorn.,Did a thorn prick her finger?,yes,3,101_filler_filler_8.gif,9940
301,301,301,301,a3,102,filler,filler,The cat chased a small gray mouse.,Was the cat playing with a toy?,no,1,102_filler_filler_1.gif,2240
302,302,302,302,a3,103,filler,filler,He skipped a smooth stone across the lake.,Did the stone bounce across the water?,yes,2,103_filler_filler_4.gif,6175
303,303,303,303,a3,104,filler,filler,She turned the key in the old lock.,Did she try to open something with the key?,yes,3,104_filler_filler_8.gif,11140
304,304,304,304,a3,105,filler,filler,The magician pulled a rabbit out of his hat.,Did the magician produce a dove from the hat?,no,1,105_filler_filler_1.gif,2580
305,305,305,305,a3,106,filler,filler,He tied the package with some rope.,Was he wrapping the package with tape?,no,2,106_filler_filler_4.gif,5545
306,306,306,306,a3,107,filler,filler,The trainer clapped to cue the trained seal into the ring.,Was the seal given a signal to perform?,yes,3,107_filler_filler_8.gif,14840
307,307,307,307,a3,108,filler,filler,She left a handwritten note on his desk.,Did she send him an email instead?,no,1,108_filler_filler_1.gif,2415
308,308,308,308,a3,109,filler,filler,The brave soldier became a noble knight in the story.,Was the character portrayed as cowardly?,no,2,109_filler_filler_4.gif,7420
309,309,309,309,a3,110,filler,filler,He dipped a chip into the salsa.,Did he eat the chip with salsa?,yes,3,110_filler_filler_8.gif,9930
310,310,310,310,a3,111,filler,filler,He wore a black tie with a gray business suit.,Was he dressed formally?,yes,1,111_filler_filler_1.gif,2735
311,311,311,311,a3,112,filler,filler,She caught the fish in her fishing net.,Did she catch the fish?,yes,2,112_filler_filler_4.gif,6160
312,312,312,312,a3,113,filler,filler,He was in the prison.,Was he in the hospital?,no,3,113_filler_filler_8.gif,7485
313,313,313,313,a3,114,filler,filler,"To find the treasure, they followed the old map through the jungle.",Did they rely on a modern GPS system?,no,1,114_filler_filler_1.gif,3130
314,314,314,314,a3,115,filler,filler,She picked up a white spiral shell from the sand.,Did she find the shell in the snow?,no,2,115_filler_filler_4.gif,7400
315,315,315,315,a3,116,filler,filler,The night sky was lit by the bright full moon.,Was the full moon visible in the sky?,yes,3,116_filler_filler_8.gif,13585
316,316,316,316,a3,117,filler,filler,"For his birthday, they surprised him with a strawberry cake.",Was he expecting a birthday surprise?,no,1,117_filler_filler_1.gif,2805
317,317,317,317,a3,118,filler,filler,He grilled a fresh ear of corn for lunch.,Did he prepare corn using a grill?,yes,2,118_filler_filler_4.gif,6765
318,318,318,318,a3,119,filler,filler,He pulled tight to secure the knot in the rope.,Was he trying to untie the rope?,no,3,119_filler_filler_8.gif,13590
319,319,319,319,a3,120,filler,filler,She pulled some coins from her purse.,Did she have coins?,yes,1,120_filler_filler_1.gif,2255
320,320,320,320,a3,121,filler,filler,The hotel boasts an infinity pool.,Does the hotel have a pool?,yes,2,121_filler_filler_4.gif,4945
321,321,321,321,a3,122,filler,filler,The children built a castle.,Did the children build the castle?,yes,3,122_filler_filler_8.gif,7520
322,322,322,322,a3,123,filler,filler,The old stone mill by the river still grinds wheat into flour.,Was the mill by the river?,yes,1,123_filler_filler_1.gif,3105
323,323,323,323,a3,124,filler,filler,He had to tweak the settings on his camera to get the perfect shot.,Was he using a computer?,no,2,124_filler_filler_4.gif,9870
324,324,324,324,a3,125,filler,filler,The cave was dark and echoed when the explorer spoke. ,Was the cave quiet and bright?,no,3,125_filler_filler_8.gif,13620
325,325,325,325,a3,126,filler,filler,The girl performed a graceful dance on stage.,Did the girl dance?,yes,1,126_filler_filler_1.gif,2440
326,326,326,326,a3,127,filler,filler,A deep fear settled in his heart.,Was he calm and fearless?,no,2,127_filler_filler_4.gif,5535
327,327,327,327,a3,128,filler,filler,He had a deep frown on his face.,Was he smiling?,no,3,128_filler_filler_8.gif,11125
328,328,328,328,a3,129,filler,filler,The cat made a quick jump onto the windowsill.,Did the cat jump?,yes,1,129_filler_filler_1.gif,2590
329,329,329,329,a3,130,filler,filler,They built a ramp to connect the sidewalk to the entrance.,Did they build a bridge?,no,2,130_filler_filler_4.gif,8040
330,330,330,330,a3,131,filler,filler,The old bridge swayed slightly in the wind.,Did the bridge move in the wind?,yes,3,131_filler_filler_8.gif,11180
331,331,331,331,a3,132,filler,filler,She placed the fresh tulips in a crystal vase on the dining table.,Did she place tulips on the dining hall table?,yes,1,132_filler_filler_1.gif,3270
332,332,332,332,a3,133,filler,filler,"The bright sun warmed the beach, casting long shadows across the sand.",Was the beach covered in snow?,no,2,133_filler_filler_4.gif,8695
333,333,333,333,a3,134,filler,filler,He scribbled the notes quickly on a sheet.,Did he take notes?,yes,3,134_filler_filler_8.gif,11175
334,334,334,334,a3,135,filler,filler,The boat began to drift with the current.,Was the boat anchored in place?,no,1,135_filler_filler_1.gif,2420
335,335,335,335,a3,136,filler,filler,The balloon continued to float in the air.,Did the balloon stay on the ground?,no,2,136_filler_filler_4.gif,6175
336,336,336,336,a3,137,filler,filler,The ice began to melt under the sun.,Did the ice remain frozen the whole time?,no,3,137_filler_filler_8.gif,11145
337,337,337,337,a3,138,filler,filler,The cat stretched its neck to look out the window.,Was there a cat?,yes,1,138_filler_filler_1.gif,2755
338,338,338,338,a3,139,filler,filler,"After hours of playing, the guitarist's fingertips developed a callus.",Did the musician play the guitar? ,yes,2,139_filler_filler_4.gif,7505
339,339,339,339,a3,140,filler,filler,The blanket was incredibly soft.,Was the blanket rough?,no,3,140_filler_filler_8.gif,7540
340,340,340,340,a3,141,filler,filler,The storm raged outside all night.,Was the weather calm during the night?,no,1,141_filler_filler_1.gif,2095
341,341,341,341,a3,142,filler,filler,She decided to throw away her old clothes.,Did she keep all her old clothes?,no,2,142_filler_filler_4.gif,6175
342,342,342,342,a3,143,filler,filler,The room fell quiet after the announcement.,Did the room get louder after the announcement?,no,3,143_filler_filler_8.gif,9985
343,343,343,343,a3,144,filler,filler,She found a shiny coin under the couch.,Did she find a bottle under the couch?,no,1,144_filler_filler_1.gif,2410
344,344,344,344,a3,145,filler,filler,The children played inside the tent for hours.,Were the children inside the tent?,yes,2,145_filler_filler_4.gif,6195
345,345,345,345,a3,146,filler,filler,The movie tells the story of a young hero.,Was the movie about a hero?,yes,3,146_filler_filler_8.gif,12370
346,346,346,346,a3,147,filler,filler,A distant drum beat echoed through the valley.,Was the source of the drum beat close?,no,1,147_filler_filler_1.gif,2445
347,347,347,347,a3,148,filler,filler,The train sped past the station without stopping.,Did the train stop at the station?,no,2,148_filler_filler_4.gif,6210
348,348,348,348,a3,149,filler,filler,Someone who has fought in a war is a veteran.,Does the sentence mention a war? ,yes,3,149_filler_filler_8.gif,13580
349,349,349,349,a3,150,filler,filler,The woman brought her sick pet dog to a veterinarian.,Was the animal a canine? ,yes,1,150_filler_filler_1.gif,2770
350,350,350,350,a3,151,filler,filler,The vintage wedding dress was big and required an alteration.,Was the gown too small? ,no,2,151_filler_filler_4.gif,7460
351,351,351,351,a3,152,filler,filler,She saved him from the poison by administering an antidote.,Did she save him by amputating? ,no,3,152_filler_filler_8.gif,13650
352,352,352,352,a3,153,filler,filler,There is a beanbag toss game booth at this carnival.,Were the beanbags for a game? ,yes,1,153_filler_filler_1.gif,2765
353,353,353,353,a3,154,filler,filler,"For lunch, she had brought tomato soup in a thermos.",Did she bring her own lunch? ,yes,2,154_filler_filler_4.gif,7415
354,354,354,354,a3,155,filler,filler,"The circus featured an acrobat, a clown, and a juggler.",Was there a clown at the performance? ,yes,3,155_filler_filler_8.gif,13630
355,355,355,355,a3,156,filler,filler,"In the nineties, the Rugrats was a very popular cartoon.",Was the Rugrats obscure during the nineties? ,no,1,156_filler_filler_1.gif,2785
356,356,356,356,a3,157,filler,filler,The goddess refused to be bested by a mere mortal.,Was the deity okay with losing? ,no,2,157_filler_filler_4.gif,7405
357,357,357,357,a3,158,filler,filler,The sailors feared the harsh discipline of this ship captain.,Does the sentence mention sailors?,yes,3,158_filler_filler_8.gif,13660
358,358,358,358,a3,159,filler,filler,The flute player nervously prepared an excerpt for an audition.,Did the musician feel anxious? ,yes,1,159_filler_filler_1.gif,2820
359,359,359,359,a3,160,filler,filler,The college sent out a newsletter to all its alumni.,Does the sentence mention a college? ,yes,2,160_filler_filler_4.gif,7415
360,360,360,360,b1,1,target,implaus,The sister mailed the letter the niece.,Did the niece receive something/someone?,no,1,1_target_implaus_1.gif,2265
361,361,361,361,b1,2,target,implaus,The mother gave the candle the daughter.,Did the daughter receive something/someone?,no,2,2_target_implaus_4.gif,5570
362,362,362,362,b1,3,target,implaus,The uncle sold the truck the father.,Did the father receive something/someone?,no,3,3_target_implaus_8.gif,9950
363,363,363,363,b1,4,target,implaus,The contractor lent the saw the homeowner.,Did the homeowner receive something/someone?,no,1,4_target_implaus_1.gif,2280
364,364,364,364,b1,5,target,implaus,The sailing club leased the boat the man.,Did the man receive something/someone?,no,2,5_target_implaus_4.gif,6170
365,365,365,365,b1,6,target,implaus,The girl tossed the apple the boy.,Did the apple receive something/someone?,yes,3,6_target_implaus_8.gif,9940
366,366,366,366,b1,7,target,implaus,The daughter passed the bowl the mother.,Did the bowl receive something/someone?,yes,1,7_target_implaus_1.gif,2270
367,367,367,367,b1,8,target,implaus,The scuba instructor rented the equipment the tourist.,Did the equipment receive something/someone?,yes,2,8_target_implaus_4.gif,6235
368,368,368,368,b1,9,target,implaus,The boy handed the pencil the girl.,Did the pencil receive something/someone?,yes,3,9_target_implaus_8.gif,9945
369,369,369,369,b1,10,target,implaus,The nanny threw the toy the child.,Did the toy receive something/someone?,yes,1,10_target_implaus_1.gif,2240
370,370,370,370,b1,11,target,implaus,The nephew mailed the postcard the aunt.,Did the postcard receive something/someone?,yes,2,11_target_implaus_4.gif,5570
371,371,371,371,b1,12,target,implaus,The father gave the car the son.,Did the car receive something/someone?,yes,3,12_target_implaus_8.gif,9930
372,372,372,372,b1,13,target,implaus,The shop sold the bike the student.,Did the bike receive something/someone?,yes,1,13_target_implaus_1.gif,2245
373,373,373,373,b1,14,target,implaus,The janitor lent the mop the teacher.,Did the mop receive something/someone?,yes,2,14_target_implaus_4.gif,5555
374,374,374,374,b1,15,target,implaus,The car dealer leased the SUV the plumber.,Did the SUV receive something/someone?,yes,3,15_target_implaus_8.gif,11175
375,375,375,375,b1,16,target,implaus,The host tossed the microphone the contestant.,Did the contestant receive something/someone?,no,1,16_target_implaus_1.gif,2300
376,376,376,376,b1,17,target,implaus,The quarterback passed the ball the receiver.,Did the receiver receive something/someone?,no,2,17_target_implaus_4.gif,5595
377,377,377,377,b1,18,target,implaus,The videostore rented the DVD the customer.,Did the customer receive something/someone?,no,3,18_target_implaus_8.gif,9985
378,378,378,378,b1,19,target,implaus,The bartender handed the drink the lady.,Did the lady receive something/someone?,no,1,19_target_implaus_1.gif,2270
379,379,379,379,b1,20,target,implaus,The magician threw the hat the assistant.,Did the assistant receive something/someone?,no,2,20_target_implaus_4.gif,5575
380,380,380,380,b1,21,target,implaus,The animal lover gave the snack the cat.,Did the cat receive something/someone?,no,3,21_target_implaus_8.gif,11165
381,381,381,381,b1,22,target,implaus,The restaurant owner gave the brandy the mobster.,Did the brandy receive something/someone?,yes,1,22_target_implaus_1.gif,2460
382,382,382,382,b1,23,target,implaus,The overseer gave the seeds the serf.,Did the serf receive something/someone?,no,2,23_target_implaus_4.gif,5555
383,383,383,383,b1,24,target,implaus,The painter gave the clothes the saint.,Did the clothes receive something/someone?,yes,3,24_target_implaus_8.gif,9965
384,384,384,384,b1,25,target,implaus,The undercover cop gave the berries the felon.,Did the felon receive something/someone?,no,1,25_target_implaus_1.gif,2445
385,385,385,385,b1,26,target,implaus,The queen handed the cloak the nun.,Did the cloak receive something/someone?,yes,2,26_target_implaus_4.gif,5545
386,386,386,386,b1,27,target,implaus,The father handed the bill the son.,Did the son receive something/someone?,no,3,27_target_implaus_8.gif,9945
387,387,387,387,b1,28,target,implaus,The mother handed the rag the kid.,Did the rag receive something/someone?,yes,1,28_target_implaus_1.gif,2240
388,388,388,388,b1,29,target,implaus,The zookeeper handed the stone the ape.,Did the ape receive something/someone?,no,2,29_target_implaus_4.gif,5565
389,389,389,389,b1,30,target,implaus,The traitor handed the knife the thug.,Did the knife receive something/someone?,yes,3,30_target_implaus_8.gif,9960
390,390,390,390,b1,31,target,plaus,The cleaner lent the cop the broom.,Did the cop receive something/someone?,yes,1,31_target_plaus_1.gif,2245
391,391,391,391,b1,32,target,plaus,The delivery driver lent the sailor the perfume.,Did the perfume receive something/someone?,no,2,32_target_plaus_4.gif,6205
392,392,392,392,b1,33,target,plaus,The humorous king lent the clown the throne.,Did the clown receive something/someone?,yes,3,33_target_plaus_8.gif,11185
393,393,393,393,b1,34,target,plaus,The emperor of Austria lent the tsar the watch.,Did the watch receive something/someone?,no,1,34_target_plaus_1.gif,2595
394,394,394,394,b1,35,target,plaus,The knight offered the farmer the helmet.,Did the farmer receive something/someone?,yes,2,35_target_plaus_4.gif,5575
395,395,395,395,b1,36,target,plaus,The duchess offered the girl the robe.,Did the robe receive something/someone?,no,3,36_target_plaus_8.gif,9960
396,396,396,396,b1,37,target,plaus,The monastery offered the monk the shelf.,Did the monk receive something/someone?,yes,1,37_target_plaus_1.gif,2275
397,397,397,397,b1,38,target,plaus,The winemaker offered the Jew the ale.,Did the ale receive something/someone?,no,2,38_target_plaus_4.gif,5560
398,398,398,398,b1,39,target,plaus,The conference organizer offered the speakers the jackets.,Did the speakers receive something/someone?,yes,3,39_target_plaus_8.gif,11255
399,399,399,399,b1,40,target,plaus,The doctor passed the nurse the mask.,Did the mask receive something/someone?,no,1,40_target_plaus_1.gif,2255
400,400,400,400,b1,41,target,plaus,The husband passed the wife the plate.,Did the wife receive something/someone?,yes,2,41_target_plaus_4.gif,5560
401,401,401,401,b1,42,target,plaus,The guest passed the host the soup.,Did the soup receive something/someone?,no,3,42_target_plaus_8.gif,9945
402,402,402,402,b1,43,target,plaus,The secretary passed the boss the jam.,Did the boss receive something/someone?,yes,1,43_target_plaus_1.gif,2260
403,403,403,403,b1,44,target,plaus,The caregiver passed the leper the onion.,Did the onion receive something/someone?,no,2,44_target_plaus_4.gif,5575
404,404,404,404,b1,45,target,plaus,The merchant sold the lord the wine.,Did the lord receive something/someone?,yes,3,45_target_plaus_8.gif,9950
405,405,405,405,b1,46,target,plaus,The uncle sold the niece the calves.,Did the calves receive something/someone?,no,1,46_target_plaus_1.gif,2250
406,406,406,406,b1,47,target,plaus,The food truck sold the rider the pastry.,Did the rider receive something/someone?,yes,2,47_target_plaus_4.gif,6170
407,407,407,407,b1,48,target,plaus,The witch sold the wizard the serpent.,Did the serpent receive something/someone?,no,3,48_target_plaus_8.gif,9960
408,408,408,408,b1,49,target,plaus,The butcher sold the thief the pork.,Did the thief receive something/someone?,yes,1,49_target_plaus_1.gif,2250
409,409,409,409,b1,50,target,plaus,The foreigner leased the king the horse.,Did the horse receive something/someone?,no,2,50_target_plaus_4.gif,5570
410,410,410,410,b1,51,target,plaus,The farmer leased the actor the cottage.,Did the actor receive something/someone?,yes,3,51_target_plaus_8.gif,9970
411,411,411,411,b1,52,target,plaus,The groomsman leased the groom the house.,Did the house receive something/someone?,no,1,52_target_plaus_1.gif,2275
412,412,412,412,b1,53,target,plaus,The manager leased the guy the shirt.,Did the guy receive something/someone?,yes,2,53_target_plaus_4.gif,5555
413,413,413,413,b1,54,target,plaus,The boy threw the knight the flute.,Did the flute receive something/someone?,no,3,54_target_plaus_8.gif,9945
414,414,414,414,b1,55,target,plaus,The girl threw the boy the pen.,Did the boy receive something/someone?,yes,1,55_target_plaus_1.gif,2225
415,415,415,415,b1,56,target,plaus,The butler threw the cook the bag.,Did the bag receive something/someone?,no,2,56_target_plaus_4.gif,5540
416,416,416,416,b1,57,target,plaus,The bartender tossed the baker the apron.,Did the baker receive something/someone?,yes,3,57_target_plaus_8.gif,9975
417,417,417,417,b1,58,target,plaus,The miser tossed the heir the peach.,Did the peach receive something/someone?,no,1,58_target_plaus_1.gif,2250
418,418,418,418,b1,59,target,plaus,The politician tossed the guard the key.,Did the guard receive something/someone?,yes,2,59_target_plaus_4.gif,5570
419,419,419,419,b1,60,target,plaus,The mistress tossed the guest the blouse.,Did the blouse receive something/someone?,no,3,60_target_plaus_8.gif,9975
420,420,420,420,b1,101,filler,filler,She pricked her finger on a thorn.,Did a thorn prick her finger?,yes,1,101_filler_filler_1.gif,2240
421,421,421,421,b1,102,filler,filler,The cat chased a small gray mouse.,Was the cat playing with a toy?,no,2,102_filler_filler_4.gif,5540
422,422,422,422,b1,103,filler,filler,He skipped a smooth stone across the lake.,Did the stone bounce across the water?,yes,3,103_filler_filler_8.gif,11175
423,423,423,423,b1,104,filler,filler,She turned the key in the old lock.,Did she try to open something with the key?,yes,1,104_filler_filler_1.gif,2390
424,424,424,424,b1,105,filler,filler,The magician pulled a rabbit out of his hat.,Did the magician produce a dove from the hat?,no,2,105_filler_filler_4.gif,6780
425,425,425,425,b1,106,filler,filler,He tied the package with some rope.,Was he wrapping the package with tape?,no,3,106_filler_filler_8.gif,9945
426,426,426,426,b1,107,filler,filler,The trainer clapped to cue the trained seal into the ring.,Was the seal given a signal to perform?,yes,1,107_filler_filler_1.gif,2940
427,427,427,427,b1,108,filler,filler,She left a handwritten note on his desk.,Did she send him an email instead?,no,2,108_filler_filler_4.gif,6165
428,428,428,428,b1,109,filler,filler,The brave soldier became a noble knight in the story.,Was the character portrayed as cowardly?,no,3,109_filler_filler_8.gif,13620
429,429,429,429,b1,110,filler,filler,He dipped a chip into the salsa.,Did he eat the chip with salsa?,yes,1,110_filler_filler_1.gif,2230
430,430,430,430,b1,111,filler,filler,He wore a black tie with a gray business suit.,Was he dressed formally?,yes,2,111_filler_filler_4.gif,7385
431,431,431,431,b1,112,filler,filler,She caught the fish in her fishing net.,Did she catch the fish?,yes,3,112_filler_filler_8.gif,11160
432,432,432,432,b1,113,filler,filler,He was in the prison.,Was he in the hospital?,no,1,113_filler_filler_1.gif,1885
433,433,433,433,b1,114,filler,filler,"To find the treasure, they followed the old map through the jungle.",Did they rely on a modern GPS system?,no,2,114_filler_filler_4.gif,8680
434,434,434,434,b1,115,filler,filler,She picked up a white spiral shell from the sand.,Did she find the shell in the snow?,no,3,115_filler_filler_8.gif,13600
435,435,435,435,b1,116,filler,filler,The night sky was lit by the bright full moon.,Was the full moon visible in the sky?,yes,1,116_filler_filler_1.gif,2735
436,436,436,436,b1,117,filler,filler,"For his birthday, they surprised him with a strawberry cake.",Was he expecting a birthday surprise?,no,2,117_filler_filler_4.gif,7455
437,437,437,437,b1,118,filler,filler,He grilled a fresh ear of corn for lunch.,Did he prepare corn using a grill?,yes,3,118_filler_filler_8.gif,12365
438,438,438,438,b1,119,filler,filler,He pulled tight to secure the knot in the rope.,Was he trying to untie the rope?,no,1,119_filler_filler_1.gif,2740
439,439,439,439,b1,120,filler,filler,She pulled some coins from her purse.,Did she have coins?,yes,2,120_filler_filler_4.gif,5555
440,440,440,440,b1,121,filler,filler,The hotel boasts an infinity pool.,Does the hotel have a pool?,yes,3,121_filler_filler_8.gif,8745
441,441,441,441,b1,122,filler,filler,The children built a castle.,Did the children build the castle?,yes,1,122_filler_filler_1.gif,1920
442,442,442,442,b1,123,filler,filler,The old stone mill by the river still grinds wheat into flour.,Was the mill by the river?,yes,2,123_filler_filler_4.gif,8655
443,443,443,443,b1,124,filler,filler,He had to tweak the settings on his camera to get the perfect shot.,Was he using a computer?,no,3,124_filler_filler_8.gif,18470
444,444,444,444,b1,125,filler,filler,The cave was dark and echoed when the explorer spoke. ,Was the cave quiet and bright?,no,1,125_filler_filler_1.gif,2770
445,445,445,445,b1,126,filler,filler,The girl performed a graceful dance on stage.,Did the girl dance?,yes,2,126_filler_filler_4.gif,6190
446,446,446,446,b1,127,filler,filler,A deep fear settled in his heart.,Was he calm and fearless?,no,3,127_filler_filler_8.gif,9935
447,447,447,447,b1,128,filler,filler,He had a deep frown on his face.,Was he smiling?,no,1,128_filler_filler_1.gif,2375
448,448,448,448,b1,129,filler,filler,The cat made a quick jump onto the windowsill.,Did the cat jump?,yes,2,129_filler_filler_4.gif,6790
449,449,449,449,b1,130,filler,filler,They built a ramp to connect the sidewalk to the entrance.,Did they build a bridge?,no,3,130_filler_filler_8.gif,14840
450,450,450,450,b1,131,filler,filler,The old bridge swayed slightly in the wind.,Did the bridge move in the wind?,yes,1,131_filler_filler_1.gif,2430
451,451,451,451,b1,132,filler,filler,She placed the fresh tulips in a crystal vase on the dining table.,Did she place tulips on the dining hall table?,yes,2,132_filler_filler_4.gif,9270
452,452,452,452,b1,133,filler,filler,"The bright sun warmed the beach, casting long shadows across the sand.",Was the beach covered in snow?,no,3,133_filler_filler_8.gif,16095
453,453,453,453,b1,134,filler,filler,He scribbled the notes quickly on a sheet.,Did he take notes?,yes,1,134_filler_filler_1.gif,2425
454,454,454,454,b1,135,filler,filler,The boat began to drift with the current.,Was the boat anchored in place?,no,2,135_filler_filler_4.gif,6170
455,455,455,455,b1,136,filler,filler,The balloon continued to float in the air.,Did the balloon stay on the ground?,no,3,136_filler_filler_8.gif,11175
456,456,456,456,b1,137,filler,filler,The ice began to melt under the sun.,Did the ice remain frozen the whole time?,no,1,137_filler_filler_1.gif,2395
457,457,457,457,b1,138,filler,filler,The cat stretched its neck to look out the window.,Was there a cat?,yes,2,138_filler_filler_4.gif,7405
458,458,458,458,b1,139,filler,filler,"After hours of playing, the guitarist's fingertips developed a callus.",Did the musician play the guitar? ,yes,3,139_filler_filler_8.gif,13705
459,459,459,459,b1,140,filler,filler,The blanket was incredibly soft.,Was the blanket rough?,no,1,140_filler_filler_1.gif,1940
460,460,460,460,b1,141,filler,filler,The storm raged outside all night.,Was the weather calm during the night?,no,2,141_filler_filler_4.gif,4945
461,461,461,461,b1,142,filler,filler,She decided to throw away her old clothes.,Did she keep all her old clothes?,no,3,142_filler_filler_8.gif,11175
462,462,462,462,b1,143,filler,filler,The room fell quiet after the announcement.,Did the room get louder after the announcement?,no,1,143_filler_filler_1.gif,2285
463,463,463,463,b1,144,filler,filler,She found a shiny coin under the couch.,Did she find a bottle under the couch?,no,2,144_filler_filler_4.gif,6160
464,464,464,464,b1,145,filler,filler,The children played inside the tent for hours.,Were the children inside the tent?,yes,3,145_filler_filler_8.gif,11195
465,465,465,465,b1,146,filler,filler,The movie tells the story of a young hero.,Was the movie about a hero?,yes,1,146_filler_filler_1.gif,2570
466,466,466,466,b1,147,filler,filler,A distant drum beat echoed through the valley.,Was the source of the drum beat close?,no,2,147_filler_filler_4.gif,6195
467,467,467,467,b1,148,filler,filler,The train sped past the station without stopping.,Did the train stop at the station?,no,3,148_filler_filler_8.gif,11210
468,468,468,468,b1,149,filler,filler,Someone who has fought in a war is a veteran.,Does the sentence mention a war? ,yes,1,149_filler_filler_1.gif,2730
469,469,469,469,b1,150,filler,filler,The woman brought her sick pet dog to a veterinarian.,Was the animal a canine? ,yes,2,150_filler_filler_4.gif,7420
470,470,470,470,b1,151,filler,filler,The vintage wedding dress was big and required an alteration.,Was the gown too small? ,no,3,151_filler_filler_8.gif,13660
471,471,471,471,b1,152,filler,filler,She saved him from the poison by administering an antidote.,Did she save him by amputating? ,no,1,152_filler_filler_1.gif,2800
472,472,472,472,b1,153,filler,filler,There is a beanbag toss game booth at this carnival.,Were the beanbags for a game? ,yes,2,153_filler_filler_4.gif,7415
473,473,473,473,b1,154,filler,filler,"For lunch, she had brought tomato soup in a thermos.",Did she bring her own lunch? ,yes,3,154_filler_filler_8.gif,13615
474,474,474,474,b1,155,filler,filler,"The circus featured an acrobat, a clown, and a juggler.",Was there a clown at the performance? ,yes,1,155_filler_filler_1.gif,2780
475,475,475,475,b1,156,filler,filler,"In the nineties, the Rugrats was a very popular cartoon.",Was the Rugrats obscure during the nineties? ,no,2,156_filler_filler_4.gif,7435
476,476,476,476,b1,157,filler,filler,The goddess refused to be bested by a mere mortal.,Was the deity okay with losing? ,no,3,157_filler_filler_8.gif,13605
477,477,477,477,b1,158,filler,filler,The sailors feared the harsh discipline of this ship captain.,Does the sentence mention sailors?,yes,1,158_filler_filler_1.gif,2810
478,478,478,478,b1,159,filler,filler,The flute player nervously prepared an excerpt for an audition.,Did the musician feel anxious? ,yes,2,159_filler_filler_4.gif,7470
479,479,479,479,b1,160,filler,filler,The college sent out a newsletter to all its alumni.,Does the sentence mention a college? ,yes,3,160_filler_filler_8.gif,13615
480,480,480,480,b2,1,target,implaus,The sister mailed the letter the niece.,Did the niece receive something/someone?,no,2,1_target_implaus_4.gif,5565
481,481,481,481,b2,2,target,implaus,The mother gave the candle the daughter.,Did the daughter receive something/someone?,no,3,2_target_implaus_8.gif,9970
482,482,482,482,b2,3,target,implaus,The uncle sold the truck the father.,Did the father receive something/someone?,no,1,3_target_implaus_1.gif,2250
483,483,483,483,b2,4,target,implaus,The contractor lent the saw the homeowner.,Did the homeowner receive something/someone?,no,2,4_target_implaus_4.gif,5580
484,484,484,484,b2,5,target,implaus,The sailing club leased the boat the man.,Did the man receive something/someone?,no,3,5_target_implaus_8.gif,11170
485,485,485,485,b2,6,target,implaus,The girl tossed the apple the boy.,Did the apple receive something/someone?,yes,1,6_target_implaus_1.gif,2240
486,486,486,486,b2,7,target,implaus,The daughter passed the bowl the mother.,Did the bowl receive something/someone?,yes,2,7_target_implaus_4.gif,5570
487,487,487,487,b2,8,target,implaus,The scuba instructor rented the equipment the tourist.,Did the equipment receive something/someone?,yes,3,8_target_implaus_8.gif,11235
488,488,488,488,b2,9,target,implaus,The boy handed the pencil the girl.,Did the pencil receive something/someone?,yes,1,9_target_implaus_1.gif,2245
489,489,489,489,b2,10,target,implaus,The nanny threw the toy the child.,Did the toy receive something/someone?,yes,2,10_target_implaus_4.gif,5540
490,490,490,490,b2,11,target,implaus,The nephew mailed the postcard the aunt.,Did the postcard receive something/someone?,yes,3,11_target_implaus_8.gif,9970
491,491,491,491,b2,12,target,implaus,The father gave the car the son.,Did the car receive something/someone?,yes,1,12_target_implaus_1.gif,2230
492,492,492,492,b2,13,target,implaus,The shop sold the bike the student.,Did the bike receive something/someone?,yes,2,13_target_implaus_4.gif,5545
493,493,493,493,b2,14,target,implaus,The janitor lent the mop the teacher.,Did the mop receive something/someone?,yes,3,14_target_implaus_8.gif,9955
494,494,494,494,b2,15,target,implaus,The car dealer leased the SUV the plumber.,Did the SUV receive something/someone?,yes,1,15_target_implaus_1.gif,2425
495,495,495,495,b2,16,target,implaus,The host tossed the microphone the contestant.,Did the contestant receive something/someone?,no,2,16_target_implaus_4.gif,5600
496,496,496,496,b2,17,target,implaus,The quarterback passed the ball the receiver.,Did the receiver receive something/someone?,no,3,17_target_implaus_8.gif,9995
497,497,497,497,b2,18,target,implaus,The videostore rented the DVD the customer.,Did the customer receive something/someone?,no,1,18_target_implaus_1.gif,2285
498,498,498,498,b2,19,target,implaus,The bartender handed the drink the lady.,Did the lady receive something/someone?,no,2,19_target_implaus_4.gif,5570
499,499,499,499,b2,20,target,implaus,The magician threw the hat the assistant.,Did the assistant receive something/someone?,no,3,20_target_implaus_8.gif,9975
500,500,500,500,b2,21,target,implaus,The animal lover gave the snack the cat.,Did the cat receive something/someone?,no,1,21_target_implaus_1.gif,2415
501,501,501,501,b2,22,target,implaus,The restaurant owner gave the brandy the mobster.,Did the brandy receive something/someone?,yes,2,22_target_implaus_4.gif,6210
502,502,502,502,b2,23,target,implaus,The overseer gave the seeds the serf.,Did the serf receive something/someone?,no,3,23_target_implaus_8.gif,9955
503,503,503,503,b2,24,target,implaus,The painter gave the clothes the saint.,Did the clothes receive something/someone?,yes,1,24_target_implaus_1.gif,2265
504,504,504,504,b2,25,target,implaus,The undercover cop gave the berries the felon.,Did the felon receive something/someone?,no,2,25_target_implaus_4.gif,6195
505,505,505,505,b2,26,target,implaus,The queen handed the cloak the nun.,Did the cloak receive something/someone?,yes,3,26_target_implaus_8.gif,9945
506,506,506,506,b2,27,target,implaus,The father handed the bill the son.,Did the son receive something/someone?,no,1,27_target_implaus_1.gif,2245
507,507,507,507,b2,28,target,implaus,The mother handed the rag the kid.,Did the rag receive something/someone?,yes,2,28_target_implaus_4.gif,5540
508,508,508,508,b2,29,target,implaus,The zookeeper handed the stone the ape.,Did the ape receive something/someone?,no,3,29_target_implaus_8.gif,9965
509,509,509,509,b2,30,target,implaus,The traitor handed the knife the thug.,Did the knife receive something/someone?,yes,1,30_target_implaus_1.gif,2260
510,510,510,510,b2,31,target,plaus,The cleaner lent the cop the broom.,Did the cop receive something/someone?,yes,2,31_target_plaus_4.gif,5545
511,511,511,511,b2,32,target,plaus,The delivery driver lent the sailor the perfume.,Did the perfume receive something/someone?,no,3,32_target_plaus_8.gif,11205
512,512,512,512,b2,33,target,plaus,The humorous king lent the clown the throne.,Did the clown receive something/someone?,yes,1,33_target_plaus_1.gif,2435
513,513,513,513,b2,34,target,plaus,The emperor of Austria lent the tsar the watch.,Did the watch receive something/someone?,no,2,34_target_plaus_4.gif,6795
514,514,514,514,b2,35,target,plaus,The knight offered the farmer the helmet.,Did the farmer receive something/someone?,yes,3,35_target_plaus_8.gif,9975
515,515,515,515,b2,36,target,plaus,The duchess offered the girl the robe.,Did the robe receive something/someone?,no,1,36_target_plaus_1.gif,2260
516,516,516,516,b2,37,target,plaus,The monastery offered the monk the shelf.,Did the monk receive something/someone?,yes,2,37_target_plaus_4.gif,5575
517,517,517,517,b2,38,target,plaus,The winemaker offered the Jew the ale.,Did the ale receive something/someone?,no,3,38_target_plaus_8.gif,9960
518,518,518,518,b2,39,target,plaus,The conference organizer offered the speakers the jackets.,Did the speakers receive something/someone?,yes,1,39_target_plaus_1.gif,2505
519,519,519,519,b2,40,target,plaus,The doctor passed the nurse the mask.,Did the mask receive something/someone?,no,2,40_target_plaus_4.gif,5555
520,520,520,520,b2,41,target,plaus,The husband passed the wife the plate.,Did the wife receive something/someone?,yes,3,41_target_plaus_8.gif,9960
521,521,521,521,b2,42,target,plaus,The guest passed the host the soup.,Did the soup receive something/someone?,no,1,42_target_plaus_1.gif,2245
522,522,522,522,b2,43,target,plaus,The secretary passed the boss the jam.,Did the boss receive something/someone?,yes,2,43_target_plaus_4.gif,5560
523,523,523,523,b2,44,target,plaus,The caregiver passed the leper the onion.,Did the onion receive something/someone?,no,3,44_target_plaus_8.gif,9975
524,524,524,524,b2,45,target,plaus,The merchant sold the lord the wine.,Did the lord receive something/someone?,yes,1,45_target_plaus_1.gif,2250
525,525,525,525,b2,46,target,plaus,The uncle sold the niece the calves.,Did the calves receive something/someone?,no,2,46_target_plaus_4.gif,5550
526,526,526,526,b2,47,target,plaus,The food truck sold the rider the pastry.,Did the rider receive something/someone?,yes,3,47_target_plaus_8.gif,11170
527,527,527,527,b2,48,target,plaus,The witch sold the wizard the serpent.,Did the serpent receive something/someone?,no,1,48_target_plaus_1.gif,2260
528,528,528,528,b2,49,target,plaus,The butcher sold the thief the pork.,Did the thief receive something/someone?,yes,2,49_target_plaus_4.gif,5550
529,529,529,529,b2,50,target,plaus,The foreigner leased the king the horse.,Did the horse receive something/someone?,no,3,50_target_plaus_8.gif,9970
530,530,530,530,b2,51,target,plaus,The farmer leased the actor the cottage.,Did the actor receive something/someone?,yes,1,51_target_plaus_1.gif,2270
531,531,531,531,b2,52,target,plaus,The groomsman leased the groom the house.,Did the house receive something/someone?,no,2,52_target_plaus_4.gif,5575
532,532,532,532,b2,53,target,plaus,The manager leased the guy the shirt.,Did the guy receive something/someone?,yes,3,53_target_plaus_8.gif,9955
533,533,533,533,b2,54,target,plaus,The boy threw the knight the flute.,Did the flute receive something/someone?,no,1,54_target_plaus_1.gif,2245
534,534,534,534,b2,55,target,plaus,The girl threw the boy the pen.,Did the boy receive something/someone?,yes,2,55_target_plaus_4.gif,5525
535,535,535,535,b2,56,target,plaus,The butler threw the cook the bag.,Did the bag receive something/someone?,no,3,56_target_plaus_8.gif,9940
536,536,536,536,b2,57,target,plaus,The bartender tossed the baker the apron.,Did the baker receive something/someone?,yes,1,57_target_plaus_1.gif,2275
537,537,537,537,b2,58,target,plaus,The miser tossed the heir the peach.,Did the peach receive something/someone?,no,2,58_target_plaus_4.gif,5550
538,538,538,538,b2,59,target,plaus,The politician tossed the guard the key.,Did the guard receive something/someone?,yes,3,59_target_plaus_8.gif,9970
539,539,539,539,b2,60,target,plaus,The mistress tossed the guest the blouse.,Did the blouse receive something/someone?,no,1,60_target_plaus_1.gif,2275
540,540,540,540,b2,101,filler,filler,She pricked her finger on a thorn.,Did a thorn prick her finger?,yes,2,101_filler_filler_4.gif,5540
541,541,541,541,b2,102,filler,filler,The cat chased a small gray mouse.,Was the cat playing with a toy?,no,3,102_filler_filler_8.gif,9940
542,542,542,542,b2,103,filler,filler,He skipped a smooth stone across the lake.,Did the stone bounce across the water?,yes,1,103_filler_filler_1.gif,2425
543,543,543,543,b2,104,filler,filler,She turned the key in the old lock.,Did she try to open something with the key?,yes,2,104_filler_filler_4.gif,6140
544,544,544,544,b2,105,filler,filler,The magician pulled a rabbit out of his hat.,Did the magician produce a dove from the hat?,no,3,105_filler_filler_8.gif,12380
545,545,545,545,b2,106,filler,filler,He tied the package with some rope.,Was he wrapping the package with tape?,no,1,106_filler_filler_1.gif,2245
546,546,546,546,b2,107,filler,filler,The trainer clapped to cue the trained seal into the ring.,Was the seal given a signal to perform?,yes,2,107_filler_filler_4.gif,8040
547,547,547,547,b2,108,filler,filler,She left a handwritten note on his desk.,Did she send him an email instead?,no,3,108_filler_filler_8.gif,11165
548,548,548,548,b2,109,filler,filler,The brave soldier became a noble knight in the story.,Was the character portrayed as cowardly?,no,1,109_filler_filler_1.gif,2770
549,549,549,549,b2,110,filler,filler,He dipped a chip into the salsa.,Did he eat the chip with salsa?,yes,2,110_filler_filler_4.gif,5530
550,550,550,550,b2,111,filler,filler,He wore a black tie with a gray business suit.,Was he dressed formally?,yes,3,111_filler_filler_8.gif,13585
551,551,551,551,b2,112,filler,filler,She caught the fish in her fishing net.,Did she catch the fish?,yes,1,112_filler_filler_1.gif,2410
552,552,552,552,b2,113,filler,filler,He was in the prison.,Was he in the hospital?,no,2,113_filler_filler_4.gif,4285
553,553,553,553,b2,114,filler,filler,"To find the treasure, they followed the old map through the jungle.",Did they rely on a modern GPS system?,no,3,114_filler_filler_8.gif,16080
554,554,554,554,b2,115,filler,filler,She picked up a white spiral shell from the sand.,Did she find the shell in the snow?,no,1,115_filler_filler_1.gif,2750
555,555,555,555,b2,116,filler,filler,The night sky was lit by the bright full moon.,Was the full moon visible in the sky?,yes,2,116_filler_filler_4.gif,7385
556,556,556,556,b2,117,filler,filler,"For his birthday, they surprised him with a strawberry cake.",Was he expecting a birthday surprise?,no,3,117_filler_filler_8.gif,13655
557,557,557,557,b2,118,filler,filler,He grilled a fresh ear of corn for lunch.,Did he prepare corn using a grill?,yes,1,118_filler_filler_1.gif,2565
558,558,558,558,b2,119,filler,filler,He pulled tight to secure the knot in the rope.,Was he trying to untie the rope?,no,2,119_filler_filler_4.gif,7390
559,559,559,559,b2,120,filler,filler,She pulled some coins from her purse.,Did she have coins?,yes,3,120_filler_filler_8.gif,9955
560,560,560,560,b2,121,filler,filler,The hotel boasts an infinity pool.,Does the hotel have a pool?,yes,1,121_filler_filler_1.gif,2095
561,561,561,561,b2,122,filler,filler,The children built a castle.,Did the children build the castle?,yes,2,122_filler_filler_4.gif,4320
562,562,562,562,b2,123,filler,filler,The old stone mill by the river still grinds wheat into flour.,Was the mill by the river?,yes,3,123_filler_filler_8.gif,16055
563,563,563,563,b2,124,filler,filler,He had to tweak the settings on his camera to get the perfect shot.,Was he using a computer?,no,1,124_filler_filler_1.gif,3420
564,564,564,564,b2,125,filler,filler,The cave was dark and echoed when the explorer spoke. ,Was the cave quiet and bright?,no,2,125_filler_filler_4.gif,7420
565,565,565,565,b2,126,filler,filler,The girl performed a graceful dance on stage.,Did the girl dance?,yes,3,126_filler_filler_8.gif,11190
566,566,566,566,b2,127,filler,filler,A deep fear settled in his heart.,Was he calm and fearless?,no,1,127_filler_filler_1.gif,2235
567,567,567,567,b2,128,filler,filler,He had a deep frown on his face.,Was he smiling?,no,2,128_filler_filler_4.gif,6125
568,568,568,568,b2,129,filler,filler,The cat made a quick jump onto the windowsill.,Did the cat jump?,yes,3,129_filler_filler_8.gif,12390
569,569,569,569,b2,130,filler,filler,They built a ramp to connect the sidewalk to the entrance.,Did they build a bridge?,no,1,130_filler_filler_1.gif,2940
570,570,570,570,b2,131,filler,filler,The old bridge swayed slightly in the wind.,Did the bridge move in the wind?,yes,2,131_filler_filler_4.gif,6180
571,571,571,571,b2,132,filler,filler,She placed the fresh tulips in a crystal vase on the dining table.,Did she place tulips on the dining hall table?,yes,3,132_filler_filler_8.gif,17270
572,572,572,572,b2,133,filler,filler,"The bright sun warmed the beach, casting long shadows across the sand.",Was the beach covered in snow?,no,1,133_filler_filler_1.gif,3145
573,573,573,573,b2,134,filler,filler,He scribbled the notes quickly on a sheet.,Did he take notes?,yes,2,134_filler_filler_4.gif,6175
574,574,574,574,b2,135,filler,filler,The boat began to drift with the current.,Was the boat anchored in place?,no,3,135_filler_filler_8.gif,11170
575,575,575,575,b2,136,filler,filler,The balloon continued to float in the air.,Did the balloon stay on the ground?,no,1,136_filler_filler_1.gif,2425
576,576,576,576,b2,137,filler,filler,The ice began to melt under the sun.,Did the ice remain frozen the whole time?,no,2,137_filler_filler_4.gif,6145
577,577,577,577,b2,138,filler,filler,The cat stretched its neck to look out the window.,Was there a cat?,yes,3,138_filler_filler_8.gif,13605
578,578,578,578,b2,139,filler,filler,"After hours of playing, the guitarist's fingertips developed a callus.",Did the musician play the guitar? ,yes,1,139_filler_filler_1.gif,2855
579,579,579,579,b2,140,filler,filler,The blanket was incredibly soft.,Was the blanket rough?,no,2,140_filler_filler_4.gif,4340
580,580,580,580,b2,141,filler,filler,The storm raged outside all night.,Was the weather calm during the night?,no,3,141_filler_filler_8.gif,8745
581,581,581,581,b2,142,filler,filler,She decided to throw away her old clothes.,Did she keep all her old clothes?,no,1,142_filler_filler_1.gif,2425
582,582,582,582,b2,143,filler,filler,The room fell quiet after the announcement.,Did the room get louder after the announcement?,no,2,143_filler_filler_4.gif,5585
583,583,583,583,b2,144,filler,filler,She found a shiny coin under the couch.,Did she find a bottle under the couch?,no,3,144_filler_filler_8.gif,11160
584,584,584,584,b2,145,filler,filler,The children played inside the tent for hours.,Were the children inside the tent?,yes,1,145_filler_filler_1.gif,2445
585,585,585,585,b2,146,filler,filler,The movie tells the story of a young hero.,Was the movie about a hero?,yes,2,146_filler_filler_4.gif,6770
586,586,586,586,b2,147,filler,filler,A distant drum beat echoed through the valley.,Was the source of the drum beat close?,no,3,147_filler_filler_8.gif,11195
587,587,587,587,b2,148,filler,filler,The train sped past the station without stopping.,Did the train stop at the station?,no,1,148_filler_filler_1.gif,2460
588,588,588,588,b2,149,filler,filler,Someone who has fought in a war is a veteran.,Does the sentence mention a war? ,yes,2,149_filler_filler_4.gif,7380
589,589,589,589,b2,150,filler,filler,The woman brought her sick pet dog to a veterinarian.,Was the animal a canine? ,yes,3,150_filler_filler_8.gif,13620
590,590,590,590,b2,151,filler,filler,The vintage wedding dress was big and required an alteration.,Was the gown too small? ,no,1,151_filler_filler_1.gif,2810
591,591,591,591,b2,152,filler,filler,She saved him from the poison by administering an antidote.,Did she save him by amputating? ,no,2,152_filler_filler_4.gif,7450
592,592,592,592,b2,153,filler,filler,There is a beanbag toss game booth at this carnival.,Were the beanbags for a game? ,yes,3,153_filler_filler_8.gif,13615
593,593,593,593,b2,154,filler,filler,"For lunch, she had brought tomato soup in a thermos.",Did she bring her own lunch? ,yes,1,154_filler_filler_1.gif,2765
594,594,594,594,b2,155,filler,filler,"The circus featured an acrobat, a clown, and a juggler.",Was there a clown at the performance? ,yes,2,155_filler_filler_4.gif,7430
595,595,595,595,b2,156,filler,filler,"In the nineties, the Rugrats was a very popular cartoon.",Was the Rugrats obscure during the nineties? ,no,3,156_filler_filler_8.gif,13635
596,596,596,596,b2,157,filler,filler,The goddess refused to be bested by a mere mortal.,Was the deity okay with losing? ,no,1,157_filler_filler_1.gif,2755
597,597,597,597,b2,158,filler,filler,The sailors feared the harsh discipline of this ship captain.,Does the sentence mention sailors?,yes,2,158_filler_filler_4.gif,7460
598,598,598,598,b2,159,filler,filler,The flute player nervously prepared an excerpt for an audition.,Did the musician feel anxious? ,yes,3,159_filler_filler_8.gif,13670
599,599,599,599,b2,160,filler,filler,The college sent out a newsletter to all its alumni.,Does the sentence mention a college? ,yes,1,160_filler_filler_1.gif,2765
600,600,600,600,b3,1,target,implaus,The sister mailed the letter the niece.,Did the niece receive something/someone?,no,3,1_target_implaus_8.gif,9965
601,601,601,601,b3,2,target,implaus,The mother gave the candle the daughter.,Did the daughter receive something/someone?,no,1,2_target_implaus_1.gif,2270
602,602,602,602,b3,3,target,implaus,The uncle sold the truck the father.,Did the father receive something/someone?,no,2,3_target_implaus_4.gif,5550
603,603,603,603,b3,4,target,implaus,The contractor lent the saw the homeowner.,Did the homeowner receive something/someone?,no,3,4_target_implaus_8.gif,9980
604,604,604,604,b3,5,target,implaus,The sailing club leased the boat the man.,Did the man receive something/someone?,no,1,5_target_implaus_1.gif,2420
605,605,605,605,b3,6,target,implaus,The girl tossed the apple the boy.,Did the apple receive something/someone?,yes,2,6_target_implaus_4.gif,5540
606,606,606,606,b3,7,target,implaus,The daughter passed the bowl the mother.,Did the bowl receive something/someone?,yes,3,7_target_implaus_8.gif,9970
607,607,607,607,b3,8,target,implaus,The scuba instructor rented the equipment the tourist.,Did the equipment receive something/someone?,yes,1,8_target_implaus_1.gif,2485
608,608,608,608,b3,9,target,implaus,The boy handed the pencil the girl.,Did the pencil receive something/someone?,yes,2,9_target_implaus_4.gif,5545
609,609,609,609,b3,10,target,implaus,The nanny threw the toy the child.,Did the toy receive something/someone?,yes,3,10_target_implaus_8.gif,9940
610,610,610,610,b3,11,target,implaus,The nephew mailed the postcard the aunt.,Did the postcard receive something/someone?,yes,1,11_target_implaus_1.gif,2270
611,611,611,611,b3,12,target,implaus,The father gave the car the son.,Did the car receive something/someone?,yes,2,12_target_implaus_4.gif,5530
612,612,612,612,b3,13,target,implaus,The shop sold the bike the student.,Did the bike receive something/someone?,yes,3,13_target_implaus_8.gif,9945
613,613,613,613,b3,14,target,implaus,The janitor lent the mop the teacher.,Did the mop receive something/someone?,yes,1,14_target_implaus_1.gif,2255
614,614,614,614,b3,15,target,implaus,The car dealer leased the SUV the plumber.,Did the SUV receive something/someone?,yes,2,15_target_implaus_4.gif,6175
615,615,615,615,b3,16,target,implaus,The host tossed the microphone the contestant.,Did the contestant receive something/someone?,no,3,16_target_implaus_8.gif,10000
616,616,616,616,b3,17,target,implaus,The quarterback passed the ball the receiver.,Did the receiver receive something/someone?,no,1,17_target_implaus_1.gif,2295
617,617,617,617,b3,18,target,implaus,The videostore rented the DVD the customer.,Did the customer receive something/someone?,no,2,18_target_implaus_4.gif,5585
618,618,618,618,b3,19,target,implaus,The bartender handed the drink the lady.,Did the lady receive something/someone?,no,3,19_target_implaus_8.gif,9970
619,619,619,619,b3,20,target,implaus,The magician threw the hat the assistant.,Did the assistant receive something/someone?,no,1,20_target_implaus_1.gif,2275
620,620,620,620,b3,21,target,implaus,The animal lover gave the snack the cat.,Did the cat receive something/someone?,no,2,21_target_implaus_4.gif,6165
621,621,621,621,b3,22,target,implaus,The restaurant owner gave the brandy the mobster.,Did the brandy receive something/someone?,yes,3,22_target_implaus_8.gif,11210
622,622,622,622,b3,23,target,implaus,The overseer gave the seeds the serf.,Did the serf receive something/someone?,no,1,23_target_implaus_1.gif,2255
623,623,623,623,b3,24,target,implaus,The painter gave the clothes the saint.,Did the clothes receive something/someone?,yes,2,24_target_implaus_4.gif,5565
624,624,624,624,b3,25,target,implaus,The undercover cop gave the berries the felon.,Did the felon receive something/someone?,no,3,25_target_implaus_8.gif,11195
625,625,625,625,b3,26,target,implaus,The queen handed the cloak the nun.,Did the cloak receive something/someone?,yes,1,26_target_implaus_1.gif,2245
626,626,626,626,b3,27,target,implaus,The father handed the bill the son.,Did the son receive something/someone?,no,2,27_target_implaus_4.gif,5545
627,627,627,627,b3,28,target,implaus,The mother handed the rag the kid.,Did the rag receive something/someone?,yes,3,28_target_implaus_8.gif,9940
628,628,628,628,b3,29,target,implaus,The zookeeper handed the stone the ape.,Did the ape receive something/someone?,no,1,29_target_implaus_1.gif,2265
629,629,629,629,b3,30,target,implaus,The traitor handed the knife the thug.,Did the knife receive something/someone?,yes,2,30_target_implaus_4.gif,5560
630,630,630,630,b3,31,target,plaus,The cleaner lent the cop the broom.,Did the cop receive something/someone?,yes,3,31_target_plaus_8.gif,9945
631,631,631,631,b3,32,target,plaus,The delivery driver lent the sailor the perfume.,Did the perfume receive something/someone?,no,1,32_target_plaus_1.gif,2455
632,632,632,632,b3,33,target,plaus,The humorous king lent the clown the throne.,Did the clown receive something/someone?,yes,2,33_target_plaus_4.gif,6185
633,633,633,633,b3,34,target,plaus,The emperor of Austria lent the tsar the watch.,Did the watch receive something/someone?,no,3,34_target_plaus_8.gif,12395
634,634,634,634,b3,35,target,plaus,The knight offered the farmer the helmet.,Did the farmer receive something/someone?,yes,1,35_target_plaus_1.gif,2275
635,635,635,635,b3,36,target,plaus,The duchess offered the girl the robe.,Did the robe receive something/someone?,no,2,36_target_plaus_4.gif,5560
636,636,636,636,b3,37,target,plaus,The monastery offered the monk the shelf.,Did the monk receive something/someone?,yes,3,37_target_plaus_8.gif,9975
637,637,637,637,b3,38,target,plaus,The winemaker offered the Jew the ale.,Did the ale receive something/someone?,no,1,38_target_plaus_1.gif,2260
638,638,638,638,b3,39,target,plaus,The conference organizer offered the speakers the jackets.,Did the speakers receive something/someone?,yes,2,39_target_plaus_4.gif,6255
639,639,639,639,b3,40,target,plaus,The doctor passed the nurse the mask.,Did the mask receive something/someone?,no,3,40_target_plaus_8.gif,9955
640,640,640,640,b3,41,target,plaus,The husband passed the wife the plate.,Did the wife receive something/someone?,yes,1,41_target_plaus_1.gif,2260
641,641,641,641,b3,42,target,plaus,The guest passed the host the soup.,Did the soup receive something/someone?,no,2,42_target_plaus_4.gif,5545
642,642,642,642,b3,43,target,plaus,The secretary passed the boss the jam.,Did the boss receive something/someone?,yes,3,43_target_plaus_8.gif,9960
643,643,643,643,b3,44,target,plaus,The caregiver passed the leper the onion.,Did the onion receive something/someone?,no,1,44_target_plaus_1.gif,2275
644,644,644,644,b3,45,target,plaus,The merchant sold the lord the wine.,Did the lord receive something/someone?,yes,2,45_target_plaus_4.gif,5550
645,645,645,645,b3,46,target,plaus,The uncle sold the niece the calves.,Did the calves receive something/someone?,no,3,46_target_plaus_8.gif,9950
646,646,646,646,b3,47,target,plaus,The food truck sold the rider the pastry.,Did the rider receive something/someone?,yes,1,47_target_plaus_1.gif,2420
647,647,647,647,b3,48,target,plaus,The witch sold the wizard the serpent.,Did the serpent receive something/someone?,no,2,48_target_plaus_4.gif,5560
648,648,648,648,b3,49,target,plaus,The butcher sold the thief the pork.,Did the thief receive something/someone?,yes,3,49_target_plaus_8.gif,9950
649,649,649,649,b3,50,target,plaus,The foreigner leased the king the horse.,Did the horse receive something/someone?,no,1,50_target_plaus_1.gif,2270
650,650,650,650,b3,51,target,plaus,The farmer leased the actor the cottage.,Did the actor receive something/someone?,yes,2,51_target_plaus_4.gif,5570
651,651,651,651,b3,52,target,plaus,The groomsman leased the groom the house.,Did the house receive something/someone?,no,3,52_target_plaus_8.gif,9975
652,652,652,652,b3,53,target,plaus,The manager leased the guy the shirt.,Did the guy receive something/someone?,yes,1,53_target_plaus_1.gif,2255
653,653,653,653,b3,54,target,plaus,The boy threw the knight the flute.,Did the flute receive something/someone?,no,2,54_target_plaus_4.gif,5545
654,654,654,654,b3,55,target,plaus,The girl threw the boy the pen.,Did the boy receive something/someone?,yes,3,55_target_plaus_8.gif,9925
655,655,655,655,b3,56,target,plaus,The butler threw the cook the bag.,Did the bag receive something/someone?,no,1,56_target_plaus_1.gif,2240
656,656,656,656,b3,57,target,plaus,The bartender tossed the baker the apron.,Did the baker receive something/someone?,yes,2,57_target_plaus_4.gif,5575
657,657,657,657,b3,58,target,plaus,The miser tossed the heir the peach.,Did the peach receive something/someone?,no,3,58_target_plaus_8.gif,9950
658,658,658,658,b3,59,target,plaus,The politician tossed the guard the key.,Did the guard receive something/someone?,yes,1,59_target_plaus_1.gif,2270
659,659,659,659,b3,60,target,plaus,The mistress tossed the guest the blouse.,Did the blouse receive something/someone?,no,2,60_target_plaus_4.gif,5575
660,660,660,660,b3,101,filler,filler,She pricked her finger on a thorn.,Did a thorn prick her finger?,yes,3,101_filler_filler_8.gif,9940
661,661,661,661,b3,102,filler,filler,The cat chased a small gray mouse.,Was the cat playing with a toy?,no,1,102_filler_filler_1.gif,2240
662,662,662,662,b3,103,filler,filler,He skipped a smooth stone across the lake.,Did the stone bounce across the water?,yes,2,103_filler_filler_4.gif,6175
663,663,663,663,b3,104,filler,filler,She turned the key in the old lock.,Did she try to open something with the key?,yes,3,104_filler_filler_8.gif,11140
664,664,664,664,b3,105,filler,filler,The magician pulled a rabbit out of his hat.,Did the magician produce a dove from the hat?,no,1,105_filler_filler_1.gif,2580
665,665,665,665,b3,106,filler,filler,He tied the package with some rope.,Was he wrapping the package with tape?,no,2,106_filler_filler_4.gif,5545
666,666,666,666,b3,107,filler,filler,The trainer clapped to cue the trained seal into the ring.,Was the seal given a signal to perform?,yes,3,107_filler_filler_8.gif,14840
667,667,667,667,b3,108,filler,filler,She left a handwritten note on his desk.,Did she send him an email instead?,no,1,108_filler_filler_1.gif,2415
668,668,668,668,b3,109,filler,filler,The brave soldier became a noble knight in the story.,Was the character portrayed as cowardly?,no,2,109_filler_filler_4.gif,7420
669,669,669,669,b3,110,filler,filler,He dipped a chip into the salsa.,Did he eat the chip with salsa?,yes,3,110_filler_filler_8.gif,9930
670,670,670,670,b3,111,filler,filler,He wore a black tie with a gray business suit.,Was he dressed formally?,yes,1,111_filler_filler_1.gif,2735
671,671,671,671,b3,112,filler,filler,She caught the fish in her fishing net.,Did she catch the fish?,yes,2,112_filler_filler_4.gif,6160
672,672,672,672,b3,113,filler,filler,He was in the prison.,Was he in the hospital?,no,3,113_filler_filler_8.gif,7485
673,673,673,673,b3,114,filler,filler,"To find the treasure, they followed the old map through the jungle.",Did they rely on a modern GPS system?,no,1,114_filler_filler_1.gif,3130
674,674,674,674,b3,115,filler,filler,She picked up a white spiral shell from the sand.,Did she find the shell in the snow?,no,2,115_filler_filler_4.gif,7400
675,675,675,675,b3,116,filler,filler,The night sky was lit by the bright full moon.,Was the full moon visible in the sky?,yes,3,116_filler_filler_8.gif,13585
676,676,676,676,b3,117,filler,filler,"For his birthday, they surprised him with a strawberry cake.",Was he expecting a birthday surprise?,no,1,117_filler_filler_1.gif,2805
677,677,677,677,b3,118,filler,filler,He grilled a fresh ear of corn for lunch.,Did he prepare corn using a grill?,yes,2,118_filler_filler_4.gif,6765
678,678,678,678,b3,119,filler,filler,He pulled tight to secure the knot in the rope.,Was he trying to untie the rope?,no,3,119_filler_filler_8.gif,13590
679,679,679,679,b3,120,filler,filler,She pulled some coins from her purse.,Did she have coins?,yes,1,120_filler_filler_1.gif,2255
680,680,680,680,b3,121,filler,filler,The hotel boasts an infinity pool.,Does the hotel have a pool?,yes,2,121_filler_filler_4.gif,4945
681,681,681,681,b3,122,filler,filler,The children built a castle.,Did the children build the castle?,yes,3,122_filler_filler_8.gif,7520
682,682,682,682,b3,123,filler,filler,The old stone mill by the river still grinds wheat into flour.,Was the mill by the river?,yes,1,123_filler_filler_1.gif,3105
683,683,683,683,b3,124,filler,filler,He had to tweak the settings on his camera to get the perfect shot.,Was he using a computer?,no,2,124_filler_filler_4.gif,9870
684,684,684,684,b3,125,filler,filler,The cave was dark and echoed when the explorer spoke. ,Was the cave quiet and bright?,no,3,125_filler_filler_8.gif,13620
685,685,685,685,b3,126,filler,filler,The girl performed a graceful dance on stage.,Did the girl dance?,yes,1,126_filler_filler_1.gif,2440
686,686,686,686,b3,127,filler,filler,A deep fear settled in his heart.,Was he calm and fearless?,no,2,127_filler_filler_4.gif,5535
687,687,687,687,b3,128,filler,filler,He had a deep frown on his face.,Was he smiling?,no,3,128_filler_filler_8.gif,11125
688,688,688,688,b3,129,filler,filler,The cat made a quick jump onto the windowsill.,Did the cat jump?,yes,1,129_filler_filler_1.gif,2590
689,689,689,689,b3,130,filler,filler,They built a ramp to connect the sidewalk to the entrance.,Did they build a bridge?,no,2,130_filler_filler_4.gif,8040
690,690,690,690,b3,131,filler,filler,The old bridge swayed slightly in the wind.,Did the bridge move in the wind?,yes,3,131_filler_filler_8.gif,11180
691,691,691,691,b3,132,filler,filler,She placed the fresh tulips in a crystal vase on the dining table.,Did she place tulips on the dining hall table?,yes,1,132_filler_filler_1.gif,3270
692,692,692,692,b3,133,filler,filler,"The bright sun warmed the beach, casting long shadows across the sand.",Was the beach covered in snow?,no,2,133_filler_filler_4.gif,8695
693,693,693,693,b3,134,filler,filler,He scribbled the notes quickly on a sheet.,Did he take notes?,yes,3,134_filler_filler_8.gif,11175
694,694,694,694,b3,135,filler,filler,The boat began to drift with the current.,Was the boat anchored in place?,no,1,135_filler_filler_1.gif,2420
695,695,695,695,b3,136,filler,filler,The balloon continued to float in the air.,Did the balloon stay on the ground?,no,2,136_filler_filler_4.gif,6175
696,696,696,696,b3,137,filler,filler,The ice began to melt under the sun.,Did the ice remain frozen the whole time?,no,3,137_filler_filler_8.gif,11145
697,697,697,697,b3,138,filler,filler,The cat stretched its neck to look out the window.,Was there a cat?,yes,1,138_filler_filler_1.gif,2755
698,698,698,698,b3,139,filler,filler,"After hours of playing, the guitarist's fingertips developed a callus.",Did the musician play the guitar? ,yes,2,139_filler_filler_4.gif,7505
699,699,699,699,b3,140,filler,filler,The blanket was incredibly soft.,Was the blanket rough?,no,3,140_filler_filler_8.gif,7540
700,700,700,700,b3,141,filler,filler,The storm raged outside all night.,Was the weather calm during the night?,no,1,141_filler_filler_1.gif,2095
701,701,701,701,b3,142,filler,filler,She decided to throw away her old clothes.,Did she keep all her old clothes?,no,2,142_filler_filler_4.gif,6175
702,702,702,702,b3,143,filler,filler,The room fell quiet after the announcement.,Did the room get louder after the announcement?,no,3,143_filler_filler_8.gif,9985
703,703,703,703,b3,144,filler,filler,She found a shiny coin under the couch.,Did she find a bottle under the couch?,no,1,144_filler_filler_1.gif,2410
704,704,704,704,b3,145,filler,filler,The children played inside the tent for hours.,Were the children inside the tent?,yes,2,145_filler_filler_4.gif,6195
705,705,705,705,b3,146,filler,filler,The movie tells the story of a young hero.,Was the movie about a hero?,yes,3,146_filler_filler_8.gif,12370
706,706,706,706,b3,147,filler,filler,A distant drum beat echoed through the valley.,Was the source of the drum beat close?,no,1,147_filler_filler_1.gif,2445
707,707,707,707,b3,148,filler,filler,The train sped past the station without stopping.,Did the train stop at the station?,no,2,148_filler_filler_4.gif,6210
708,708,708,708,b3,149,filler,filler,Someone who has fought in a war is a veteran.,Does the sentence mention a war? ,yes,3,149_filler_filler_8.gif,13580
709,709,709,709,b3,150,filler,filler,The woman brought her sick pet dog to a veterinarian.,Was the animal a canine? ,yes,1,150_filler_filler_1.gif,2770
710,710,710,710,b3,151,filler,filler,The vintage wedding dress was big and required an alteration.,Was the gown too small? ,no,2,151_filler_filler_4.gif,7460
711,711,711,711,b3,152,filler,filler,She saved him from the poison by administering an antidote.,Did she save him by amputating? ,no,3,152_filler_filler_8.gif,13650
712,712,712,712,b3,153,filler,filler,There is a beanbag toss game booth at this carnival.,Were the beanbags for a game? ,yes,1,153_filler_filler_1.gif,2765
713,713,713,713,b3,154,filler,filler,"For lunch, she had brought tomato soup in a thermos.",Did she bring her own lunch? ,yes,2,154_filler_filler_4.gif,7415
714,714,714,714,b3,155,filler,filler,"The circus featured an acrobat, a clown, and a juggler.",Was there a clown at the performance? ,yes,3,155_filler_filler_8.gif,13630
715,715,715,715,b3,156,filler,filler,"In the nineties, the Rugrats was a very popular cartoon.",Was the Rugrats obscure during the nineties? ,no,1,156_filler_filler_1.gif,2785
716,716,716,716,b3,157,filler,filler,The goddess refused to be bested by a mere mortal.,Was the deity okay with losing? ,no,2,157_filler_filler_4.gif,7405
717,717,717,717,b3,158,filler,filler,The sailors feared the harsh discipline of this ship captain.,Does the sentence mention sailors?,yes,3,158_filler_filler_8.gif,13660
718,718,718,718,b3,159,filler,filler,The flute player nervously prepared an excerpt for an audition.,Did the musician feel anxious? ,yes,1,159_filler_filler_1.gif,2820
719,719,719,719,b3,160,filler,filler,The college sent out a newsletter to all its alumni.,Does the sentence mention a college? ,yes,2,160_filler_filler_4.gif,7415
